date,time,qty.dispensed,ili.rate,drug.shortages,drug.rcs,season,temperature,humidity,weather
1/1/2024,0:00,15,0.7,1,104,Winter,35.7,44,clear
1/1/2024,6:00,21,1.6,0,103,Winter,36.5,49,clear
1/1/2024,12:00,23,2.1,0,108,Winter,22.4,50,clouds
1/1/2024,18:00,41,2.9,0,151,Winter,24.3,82,rain
1/2/2024,0:00,23,3.8,0,115,Winter,25.8,88,snow
1/2/2024,6:00,28,2.8,1,139,Winter,27.7,85,rain
1/2/2024,12:00,17,0.4,0,139,Winter,27.8,45,clear
1/2/2024,18:00,23,2.6,0,121,Winter,31,55,clouds
1/3/2024,0:00,24,2.1,0,129,Winter,27,59,clouds
1/3/2024,6:00,25,2.2,0,124,Winter,35.8,51,clouds
1/3/2024,12:00,22,3.7,0,125,Winter,32.1,89,rain
1/3/2024,18:00,27,2.2,0,139,Winter,33.2,62,clouds
1/4/2024,0:00,15,0.6,0,110,Winter,41.1,48,clear
1/4/2024,6:00,29,3.6,0,102,Winter,28.5,81,snow
1/4/2024,12:00,12,0.9,0,105,Winter,34.1,50,clear
1/4/2024,18:00,15,1.8,0,102,Winter,25,43,clear
1/5/2024,0:00,11,0.7,0,123,Winter,34.8,69,clouds
1/5/2024,6:00,26,3.6,0,115,Winter,30.1,76,snow
1/5/2024,12:00,22,2.2,0,141,Winter,25.5,84,rain
1/5/2024,18:00,22,0.8,1,123,Winter,39.1,47,clear
1/6/2024,0:00,31,5.1,0,129,Winter,28.2,79,snow
1/6/2024,6:00,17,1.7,0,116,Winter,22.8,64,clouds
1/6/2024,12:00,12,0.6,0,125,Winter,22.1,43,clear
1/6/2024,18:00,43,4.4,1,99,Winter,32.1,93,snow
1/7/2024,0:00,25,2.6,0,145,Winter,42.1,49,clouds
1/7/2024,6:00,19,2.9,0,112,Winter,22.5,84,rain
1/7/2024,12:00,12,0.1,0,127,Winter,36.8,31,clear
1/7/2024,18:00,27,3.2,0,140,Winter,25.4,62,rain
1/8/2024,0:00,32,3.8,0,110,Winter,34.5,78,snow
1/8/2024,6:00,21,1.5,0,111,Winter,47.7,32,clear
1/8/2024,12:00,21,2.2,0,109,Winter,31.9,41,clouds
1/8/2024,18:00,19,3.5,1,124,Winter,41,75,snow
1/9/2024,0:00,14,1.1,0,132,Winter,39.8,42,clear
1/9/2024,6:00,28,3.9,0,133,Winter,42.3,77,snow
1/9/2024,12:00,24,3.2,1,110,Winter,26.3,89,rain
1/9/2024,18:00,34,3,0,143,Winter,38.2,80,snow
1/10/2024,0:00,28,4.1,0,113,Winter,34.1,94,snow
1/10/2024,6:00,20,1.5,0,113,Winter,29.8,35,clear
1/10/2024,12:00,12,0.9,0,88,Winter,33.1,40,clear
1/10/2024,18:00,26,2.8,0,135,Winter,33.2,74,rain
1/11/2024,0:00,15,1.6,0,120,Winter,37.8,38,clear
1/11/2024,6:00,10,0.3,0,88,Winter,24.6,44,clear
1/11/2024,12:00,32,2.8,0,153,Winter,32.9,47,clouds
1/11/2024,18:00,24,4.5,0,125,Winter,28.6,86,snow
1/12/2024,0:00,24,2.4,0,102,Winter,21.6,65,clouds
1/12/2024,6:00,23,3.6,0,151,Winter,34.1,94,snow
1/12/2024,12:00,15,1,0,132,Winter,36.6,38,clear
1/12/2024,18:00,20,2.5,1,144,Winter,32.6,62,clouds
1/13/2024,0:00,28,4.1,1,103,Winter,33,90,snow
1/13/2024,6:00,8,0.2,0,114,Winter,19.7,37,clear
1/13/2024,12:00,35,3.9,0,124,Winter,27.9,83,snow
1/13/2024,18:00,29,4.7,0,122,Winter,32.2,74,snow
1/14/2024,0:00,17,1.2,0,143,Winter,23.2,34,clear
1/14/2024,6:00,34,3.6,0,136,Winter,28.4,80,snow
1/14/2024,12:00,17,1,0,97,Winter,33.1,45,clear
1/14/2024,18:00,20,1.9,0,116,Winter,23.8,82,rain
1/15/2024,0:00,23,2.5,0,104,Winter,31,60,clouds
1/15/2024,6:00,37,4,1,141,Winter,26.4,83,snow
1/15/2024,12:00,18,1.5,0,121,Winter,34,64,clouds
1/15/2024,18:00,35,5.3,0,121,Winter,17.5,81,snow
1/16/2024,0:00,33,4,1,130,Winter,28.5,90,snow
1/16/2024,6:00,24,2.5,1,107,Winter,28.2,64,rain
1/16/2024,12:00,12,0.5,0,132,Winter,31.1,33,clear
1/16/2024,18:00,29,4.3,1,124,Winter,36,79,snow
1/17/2024,0:00,32,2.6,1,119,Winter,36.4,48,clouds
1/17/2024,6:00,16,1.1,0,110,Winter,39.3,38,clear
1/17/2024,12:00,17,2.1,0,120,Winter,29.3,54,clouds
1/17/2024,18:00,16,1.6,0,129,Winter,36.7,36,clear
1/18/2024,0:00,25,3.6,0,143,Winter,30.7,71,snow
1/18/2024,6:00,19,1.9,1,123,Winter,28.7,41,clear
1/18/2024,12:00,13,2.1,0,121,Winter,35,83,rain
1/18/2024,18:00,19,2.5,0,118,Winter,34.9,61,rain
1/19/2024,0:00,20,0.7,0,133,Winter,42,30,clear
1/19/2024,6:00,22,3.5,1,137,Winter,22.8,65,rain
1/19/2024,12:00,31,3.5,0,120,Winter,34.3,91,snow
1/19/2024,18:00,6,0.7,0,90,Winter,34,37,clear
1/20/2024,0:00,18,2.4,0,105,Winter,17.4,61,rain
1/20/2024,6:00,27,2.7,0,122,Winter,34.5,50,clouds
1/20/2024,12:00,25,3.5,0,117,Winter,17.4,83,rain
1/20/2024,18:00,29,3.6,1,133,Winter,21.5,89,rain
1/21/2024,0:00,18,3,0,142,Winter,37.6,65,clouds
1/21/2024,6:00,17,2,0,115,Winter,44.9,52,clear
1/21/2024,12:00,16,0.7,0,113,Winter,26.7,30,clear
1/21/2024,18:00,15,0.3,0,120,Winter,13.9,39,clear
1/22/2024,0:00,23,2.7,1,105,Winter,28.3,64,rain
1/22/2024,6:00,18,2.4,0,113,Winter,21.1,77,rain
1/22/2024,12:00,18,0.7,0,133,Winter,17.2,36,clear
1/22/2024,18:00,24,3.4,0,119,Winter,37.3,81,snow
1/23/2024,0:00,7,0.4,0,89,Winter,34.5,47,clear
1/23/2024,6:00,35,3.6,1,142,Winter,24.5,80,rain
1/23/2024,12:00,30,4.1,0,106,Winter,26.6,84,snow
1/23/2024,18:00,13,1.8,1,90,Winter,30.9,31,clear
1/24/2024,0:00,24,3.3,0,128,Winter,38.7,81,snow
1/24/2024,6:00,15,1.8,0,108,Winter,31.5,53,clouds
1/24/2024,12:00,11,0.9,0,102,Winter,40.6,31,clear
1/24/2024,18:00,25,3.8,0,120,Winter,36,92,snow
1/25/2024,0:00,18,1.1,0,108,Winter,30.8,51,clear
1/25/2024,6:00,25,3.5,1,123,Winter,35.8,74,snow
1/25/2024,12:00,22,3.5,0,135,Winter,30,87,rain
1/25/2024,18:00,32,3.6,0,137,Winter,24.3,89,snow
1/26/2024,0:00,20,1.8,1,105,Winter,23.2,48,clouds
1/26/2024,6:00,23,4.3,0,127,Winter,29,80,snow
1/26/2024,12:00,22,3,1,108,Winter,29.3,74,rain
1/26/2024,18:00,28,4.5,0,119,Winter,33.3,70,snow
1/27/2024,0:00,22,1.5,0,140,Winter,33.1,46,clear
1/27/2024,6:00,14,0.6,0,108,Winter,24.1,40,clear
1/27/2024,12:00,18,1.4,0,98,Winter,34.2,56,clouds
1/27/2024,18:00,20,2,0,90,Winter,33.3,67,clouds
1/28/2024,0:00,18,1.6,0,113,Winter,38.5,48,clear
1/28/2024,6:00,24,3,0,113,Winter,21.4,67,rain
1/28/2024,12:00,13,0.6,0,111,Winter,41.8,30,clear
1/28/2024,18:00,24,4,0,106,Winter,29.2,87,snow
1/29/2024,0:00,24,2.7,0,137,Winter,25,67,rain
1/29/2024,6:00,24,3.3,1,128,Winter,37.6,82,snow
1/29/2024,12:00,10,0.9,0,113,Winter,28,47,clear
1/29/2024,18:00,13,1.4,0,105,Winter,22.6,35,clear
1/30/2024,0:00,16,1.4,0,117,Winter,23.4,51,clear
1/30/2024,6:00,11,1,0,111,Winter,33.9,30,clear
1/30/2024,12:00,27,4,0,119,Winter,26.8,89,snow
1/30/2024,18:00,8,1,0,131,Winter,25.9,30,clear
1/31/2024,0:00,26,3.6,0,109,Winter,30.4,72,snow
1/31/2024,6:00,25,2.3,1,126,Winter,30.3,87,rain
1/31/2024,12:00,23,1.9,0,126,Winter,32.9,57,clouds
1/31/2024,18:00,22,2.8,0,118,Winter,25.7,69,rain
2/1/2024,0:00,12,1.2,0,133,Winter,38.7,38,clear
2/1/2024,6:00,20,1.9,0,119,Winter,27.4,51,clear
2/1/2024,12:00,7,0.3,1,98,Winter,21.3,30,clear
2/1/2024,18:00,23,2.3,0,118,Winter,28.5,53,clouds
2/2/2024,0:00,18,1.9,0,119,Winter,24.1,30,clear
2/2/2024,6:00,35,4.3,0,135,Winter,32.9,77,snow
2/2/2024,12:00,12,0.6,0,90,Winter,35,30,clear
2/2/2024,18:00,20,2.3,0,129,Winter,39.6,69,clouds
2/3/2024,0:00,29,3.6,0,137,Winter,27.1,73,rain
2/3/2024,6:00,25,4.6,0,127,Winter,35.2,87,snow
2/3/2024,12:00,23,1.8,1,115,Winter,23.3,46,clouds
2/3/2024,18:00,24,3.4,0,135,Winter,24.9,78,snow
2/4/2024,0:00,15,1.7,1,109,Winter,30.9,45,clouds
2/4/2024,6:00,7,0.7,0,113,Winter,14.2,54,clear
2/4/2024,12:00,32,3.4,1,133,Winter,36.8,86,rain
2/4/2024,18:00,28,2.9,0,138,Winter,31.3,85,rain
2/5/2024,0:00,28,3.3,0,139,Winter,26.6,88,rain
2/5/2024,6:00,11,0.8,0,128,Winter,40.5,44,clear
2/5/2024,12:00,12,1.5,1,148,Winter,19.5,47,clear
2/5/2024,18:00,18,1.4,0,132,Winter,45.2,51,clear
2/6/2024,0:00,26,2.5,0,140,Winter,23.3,61,clouds
2/6/2024,6:00,36,3.9,0,115,Winter,27.3,79,snow
2/6/2024,12:00,7,0.4,0,99,Winter,35.5,44,clear
2/6/2024,18:00,32,3.9,0,124,Winter,28.9,71,snow
2/7/2024,0:00,17,0.6,0,116,Winter,30.9,50,clear
2/7/2024,6:00,25,3.6,0,133,Winter,43,92,snow
2/7/2024,12:00,34,3.3,0,113,Winter,25.2,89,snow
2/7/2024,18:00,16,4,0,123,Winter,29.8,71,snow
2/8/2024,0:00,15,1.2,0,128,Winter,34.1,38,clear
2/8/2024,6:00,30,3.9,0,122,Winter,21.9,82,rain
2/8/2024,12:00,17,1.8,1,134,Winter,22.3,66,clouds
2/8/2024,18:00,24,3.7,0,144,Winter,35.2,82,snow
2/9/2024,0:00,40,3.2,0,121,Winter,22.3,60,rain
2/9/2024,6:00,30,3.8,0,123,Winter,24.3,78,rain
2/9/2024,12:00,14,1.9,0,93,Winter,25.8,40,clouds
2/9/2024,18:00,25,2.6,0,129,Winter,20.1,64,clouds
2/10/2024,0:00,17,1.7,0,105,Winter,35.5,50,clouds
2/10/2024,6:00,20,1.8,0,90,Winter,32.6,49,clear
2/10/2024,12:00,26,1.8,0,115,Winter,34.1,45,clear
2/10/2024,18:00,17,2.1,0,112,Winter,23.9,64,clouds
2/11/2024,0:00,33,4.7,0,140,Winter,30.6,73,snow
2/11/2024,6:00,12,0.3,1,114,Winter,28.3,49,clear
2/11/2024,12:00,39,4.5,0,135,Winter,36.8,76,snow
2/11/2024,18:00,42,4.6,0,145,Winter,31.5,72,snow
2/12/2024,0:00,30,4.4,0,138,Winter,22.8,84,snow
2/12/2024,6:00,31,4.4,1,133,Winter,30.8,80,snow
2/12/2024,12:00,42,3.6,0,117,Winter,29.7,74,snow
2/12/2024,18:00,12,0.9,0,102,Winter,12.9,48,clear
2/13/2024,0:00,12,1.4,0,121,Winter,31.7,53,clouds
2/13/2024,6:00,17,1.4,1,120,Winter,28.5,63,clouds
2/13/2024,12:00,13,1.3,0,117,Winter,39.6,32,clear
2/13/2024,18:00,22,3.6,0,140,Winter,35.8,63,rain
2/14/2024,0:00,24,3.3,1,119,Winter,20.9,67,rain
2/14/2024,6:00,30,4.1,0,103,Winter,31.3,77,snow
2/14/2024,12:00,14,1.2,0,118,Winter,35,46,clouds
2/14/2024,18:00,19,1.4,0,132,Winter,34.5,54,clear
2/15/2024,0:00,30,3.3,0,120,Winter,18.2,87,rain
2/15/2024,6:00,28,4.1,0,136,Winter,26.7,71,snow
2/15/2024,12:00,23,3.6,0,137,Winter,26.9,82,snow
2/15/2024,18:00,34,3.9,0,123,Winter,31.3,90,snow
2/16/2024,0:00,16,0.8,0,109,Winter,27.1,37,clear
2/16/2024,6:00,37,4.2,0,114,Winter,30.9,70,snow
2/16/2024,12:00,11,0.8,0,94,Winter,28,42,clear
2/16/2024,18:00,33,4.1,0,147,Winter,34.3,80,snow
2/17/2024,0:00,7,0.6,0,104,Winter,41.8,41,clear
2/17/2024,6:00,21,2.7,0,122,Winter,27.4,41,clouds
2/17/2024,12:00,17,1.1,0,135,Winter,42.4,52,clear
2/17/2024,18:00,32,3.1,0,139,Winter,36,63,rain
2/18/2024,0:00,21,3.4,0,149,Winter,29.2,85,snow
2/18/2024,6:00,29,3.4,1,136,Winter,14.4,70,rain
2/18/2024,12:00,24,4.3,0,137,Winter,32.3,74,snow
2/18/2024,18:00,26,1.3,0,109,Winter,36.8,53,clear
2/19/2024,0:00,34,4.1,0,152,Winter,28.4,84,snow
2/19/2024,6:00,34,4.3,0,142,Winter,30.4,90,snow
2/19/2024,12:00,21,0.9,0,143,Winter,30,66,clouds
2/19/2024,18:00,20,1.4,0,133,Winter,29.7,49,clouds
2/20/2024,0:00,26,2.6,0,136,Winter,18.5,65,clouds
2/20/2024,6:00,25,3,1,114,Winter,35.9,61,rain
2/20/2024,12:00,8,0.4,0,119,Winter,28.8,40,clear
2/20/2024,18:00,23,3.3,0,112,Winter,31,66,rain
2/21/2024,0:00,23,3.4,0,115,Winter,36.4,85,snow
2/21/2024,6:00,13,1.3,0,126,Winter,45.6,38,clear
2/21/2024,12:00,18,1.2,0,121,Winter,33.4,36,clear
2/21/2024,18:00,41,3.9,1,137,Winter,32.8,86,snow
2/22/2024,0:00,24,3.4,0,118,Winter,29.2,87,rain
2/22/2024,6:00,17,1,0,105,Winter,50.1,51,clear
2/22/2024,12:00,32,4.5,1,108,Winter,36.2,79,snow
2/22/2024,18:00,14,1.2,0,120,Winter,30.4,54,clear
2/23/2024,0:00,34,4.1,0,132,Winter,32.4,75,snow
2/23/2024,6:00,22,1.9,0,107,Winter,45.4,47,clear
2/23/2024,12:00,16,1.2,1,99,Winter,38.3,38,clear
2/23/2024,18:00,17,2.7,0,140,Winter,33.2,54,clouds
2/24/2024,0:00,31,3.6,0,105,Winter,25.9,72,snow
2/24/2024,6:00,26,1.9,0,138,Winter,27.6,43,clouds
2/24/2024,12:00,33,4.1,1,164,Winter,29.4,83,snow
2/24/2024,18:00,35,3.4,0,103,Winter,39.9,90,snow
2/25/2024,0:00,28,4.8,0,105,Winter,30.6,87,snow
2/25/2024,6:00,23,4.1,1,121,Winter,32.3,84,snow
2/25/2024,12:00,10,1.2,0,110,Winter,18,39,clear
2/25/2024,18:00,16,1.5,0,106,Winter,23,44,clear
2/26/2024,0:00,31,3.6,1,126,Winter,30.6,72,snow
2/26/2024,6:00,15,1.7,0,130,Winter,26.1,69,clouds
2/26/2024,12:00,12,1.8,0,116,Winter,34.6,45,clouds
2/26/2024,18:00,25,3.3,0,125,Winter,35.1,77,snow
2/27/2024,0:00,16,2.4,0,92,Winter,30.1,66,clouds
2/27/2024,6:00,25,3.2,0,124,Winter,14.3,67,rain
2/27/2024,12:00,20,4.2,0,121,Winter,28.3,80,snow
2/27/2024,18:00,12,0.6,0,102,Winter,45.3,39,clear
2/28/2024,0:00,34,4.3,0,133,Winter,43.1,85,snow
2/28/2024,6:00,27,4.4,0,127,Winter,32,81,snow
2/28/2024,12:00,35,3.8,0,139,Winter,24.3,80,snow
2/28/2024,18:00,28,2.8,0,128,Winter,12.1,73,rain
2/29/2024,0:00,10,0.5,0,118,Winter,31.5,46,clear
2/29/2024,6:00,19,1.5,0,121,Winter,35.9,39,clear
2/29/2024,12:00,13,0.8,0,132,Winter,35.9,33,clear
2/29/2024,18:00,18,1.4,0,114,Winter,32.9,39,clear
3/1/2024,0:00,23,2.7,0,129,Spring,43.1,86,rain
3/1/2024,6:00,36,3.3,0,133,Spring,53.4,73,rain
3/1/2024,12:00,13,2.3,0,125,Spring,55.5,47,clouds
3/1/2024,18:00,23,1.5,0,112,Spring,50.4,33,clear
3/2/2024,0:00,25,2.3,0,81,Spring,50.8,82,rain
3/2/2024,6:00,8,0.5,0,109,Spring,49.9,38,clear
3/2/2024,12:00,26,3.6,0,118,Spring,39.9,66,rain
3/2/2024,18:00,18,1.2,1,157,Spring,58.1,49,clear
3/3/2024,0:00,10,0.3,0,108,Spring,54.1,53,clear
3/3/2024,6:00,18,2.5,0,124,Spring,48.1,64,rain
3/3/2024,12:00,13,1,0,107,Spring,65.7,30,clear
3/3/2024,18:00,24,1.2,0,83,Spring,57.9,60,clouds
3/4/2024,0:00,18,2.7,0,91,Spring,63,55,clouds
3/4/2024,6:00,19,0.8,0,126,Spring,58.6,36,clear
3/4/2024,12:00,18,2.3,0,112,Spring,50.5,85,rain
3/4/2024,18:00,26,2,0,111,Spring,62.7,43,clouds
3/5/2024,0:00,12,0.7,0,93,Spring,55.6,32,clear
3/5/2024,6:00,22,1.4,0,113,Spring,63.9,53,clear
3/5/2024,12:00,24,1.7,0,109,Spring,54,66,clouds
3/5/2024,18:00,15,0.9,0,127,Spring,54.7,39,clear
3/6/2024,0:00,20,0.5,0,120,Spring,47.3,30,clear
3/6/2024,6:00,28,4,0,151,Spring,54.6,87,rain
3/6/2024,12:00,15,1,0,122,Spring,72.8,53,clear
3/6/2024,18:00,15,1.1,0,80,Spring,45.9,43,clouds
3/7/2024,0:00,18,1,1,125,Spring,59.6,30,clear
3/7/2024,6:00,18,1.8,0,83,Spring,47.5,47,clear
3/7/2024,12:00,9,0.6,0,132,Spring,50.8,52,clouds
3/7/2024,18:00,22,1.3,0,133,Spring,52.6,50,clear
3/8/2024,0:00,30,3.3,0,118,Spring,44,81,rain
3/8/2024,6:00,25,2.8,0,121,Spring,41,55,clouds
3/8/2024,12:00,28,3.7,0,113,Spring,37.1,84,rain
3/8/2024,18:00,18,0.8,0,104,Spring,47.4,37,clear
3/9/2024,0:00,14,0.8,0,105,Spring,61.6,46,clear
3/9/2024,6:00,16,1.2,0,136,Spring,63,43,clear
3/9/2024,12:00,15,1.5,0,114,Spring,75.6,34,clear
3/9/2024,18:00,27,3.1,0,136,Spring,63.1,77,rain
3/10/2024,0:00,16,3.1,0,124,Spring,49.7,82,rain
3/10/2024,6:00,16,0.8,0,108,Spring,51.9,53,clear
3/10/2024,12:00,19,1.6,0,91,Spring,55.7,61,clouds
3/10/2024,18:00,14,1,0,95,Spring,45.4,38,clear
3/11/2024,0:00,21,2.4,0,92,Spring,53.7,67,rain
3/11/2024,6:00,20,1.6,0,131,Spring,58.2,45,clouds
3/11/2024,12:00,19,1.5,0,84,Spring,59.1,40,clear
3/11/2024,18:00,14,1.7,0,127,Spring,49.5,30,clear
3/12/2024,0:00,31,3.5,0,131,Spring,36.8,77,rain
3/12/2024,6:00,11,0.5,0,98,Spring,50.5,44,clear
3/12/2024,12:00,18,1,0,129,Spring,57.6,52,clear
3/12/2024,18:00,15,1.4,0,106,Spring,51.2,56,clouds
3/13/2024,0:00,25,1.8,0,95,Spring,69.4,38,clear
3/13/2024,6:00,10,0.3,0,83,Spring,54.7,49,clear
3/13/2024,12:00,25,1.6,0,126,Spring,42.6,42,clouds
3/13/2024,18:00,17,2.2,1,92,Spring,43.9,61,rain
3/14/2024,0:00,21,2.1,0,104,Spring,55.1,58,clouds
3/14/2024,6:00,18,0.8,0,123,Spring,59.5,46,clear
3/14/2024,12:00,23,3.7,0,112,Spring,58.1,86,rain
3/14/2024,18:00,24,3.2,0,126,Spring,51.2,61,rain
3/15/2024,0:00,30,2.2,0,122,Spring,51.3,62,clouds
3/15/2024,6:00,18,1.4,0,131,Spring,45.3,46,clear
3/15/2024,12:00,15,1.3,0,85,Spring,58.2,35,clear
3/15/2024,18:00,17,2.8,0,116,Spring,56.5,52,clouds
3/16/2024,0:00,19,0.5,1,136,Spring,44.9,32,clear
3/16/2024,6:00,36,2.2,0,137,Spring,32.7,78,rain
3/16/2024,12:00,13,1.6,0,114,Spring,54,41,clear
3/16/2024,18:00,15,0.5,0,105,Spring,57,42,clear
3/17/2024,0:00,15,2.1,0,96,Spring,55.9,60,clouds
3/17/2024,6:00,15,2.1,1,118,Spring,61,41,clear
3/17/2024,12:00,17,0.9,0,131,Spring,54,46,clear
3/17/2024,18:00,22,1.3,1,104,Spring,66.4,53,clear
3/18/2024,0:00,19,0.6,0,120,Spring,71.6,38,clear
3/18/2024,6:00,26,2.3,0,127,Spring,50.8,83,rain
3/18/2024,12:00,22,2.6,0,123,Spring,54.4,45,clouds
3/18/2024,18:00,23,3,0,143,Spring,45.5,80,rain
3/19/2024,0:00,10,1.4,0,90,Spring,58.1,67,clouds
3/19/2024,6:00,16,1,0,107,Spring,56.1,44,clear
3/19/2024,12:00,20,2.4,0,148,Spring,49,51,clouds
3/19/2024,18:00,19,1.9,1,100,Spring,60.9,68,clouds
3/20/2024,0:00,23,3.2,0,103,Spring,52.7,89,rain
3/20/2024,6:00,21,2,0,109,Spring,56.3,68,clouds
3/20/2024,12:00,14,0.7,0,133,Spring,75,50,clear
3/20/2024,18:00,30,2.4,0,136,Spring,46.7,59,clouds
3/21/2024,0:00,17,1.4,0,131,Spring,51.3,42,clouds
3/21/2024,6:00,19,2.2,0,144,Spring,51.6,63,rain
3/21/2024,12:00,29,3.1,0,118,Spring,54.8,85,rain
3/21/2024,18:00,25,3.5,0,142,Spring,35.7,86,rain
3/22/2024,0:00,20,2,0,128,Spring,44.8,64,rain
3/22/2024,6:00,24,2.9,0,130,Spring,53.8,79,rain
3/22/2024,12:00,14,0.3,0,105,Spring,57.5,48,clear
3/22/2024,18:00,30,3.6,0,144,Spring,51.5,62,rain
3/23/2024,0:00,16,2,0,148,Spring,49.2,44,clouds
3/23/2024,6:00,16,1.1,0,138,Spring,44.7,52,clear
3/23/2024,12:00,9,0.9,0,134,Spring,49.5,30,clear
3/23/2024,18:00,13,0.8,0,101,Spring,50.3,38,clear
3/24/2024,0:00,16,1.5,0,124,Spring,38.8,73,rain
3/24/2024,6:00,17,2,0,115,Spring,52.8,56,clouds
3/24/2024,12:00,25,3,0,114,Spring,50,69,rain
3/24/2024,18:00,15,1.4,0,93,Spring,55.6,51,clouds
3/25/2024,0:00,18,1.3,1,104,Spring,70.9,54,clear
3/25/2024,6:00,11,1.3,0,108,Spring,57.6,34,clear
3/25/2024,12:00,34,3,0,138,Spring,61.1,82,rain
3/25/2024,18:00,29,2.5,0,118,Spring,52,77,rain
3/26/2024,0:00,9,0.7,0,105,Spring,62.6,51,clear
3/26/2024,6:00,23,3,0,147,Spring,49.6,87,rain
3/26/2024,12:00,19,1.7,0,114,Spring,55.3,58,clouds
3/26/2024,18:00,20,2.7,0,133,Spring,55.4,59,clouds
3/27/2024,0:00,21,1.7,0,87,Spring,52.5,49,clouds
3/27/2024,6:00,18,1.6,0,107,Spring,61,45,clouds
3/27/2024,12:00,10,0.2,0,110,Spring,58.9,31,clear
3/27/2024,18:00,9,0.8,0,87,Spring,41.3,48,clear
3/28/2024,0:00,25,2.9,0,124,Spring,61.7,68,clouds
3/28/2024,6:00,20,3.4,0,109,Spring,47.3,63,rain
3/28/2024,12:00,15,0.7,0,115,Spring,64.9,52,clear
3/28/2024,18:00,21,2.4,0,133,Spring,46.6,74,rain
3/29/2024,0:00,22,0.8,1,104,Spring,42.1,52,clear
3/29/2024,6:00,14,0.9,0,119,Spring,55.7,39,clear
3/29/2024,12:00,21,2,0,113,Spring,52.4,64,clouds
3/29/2024,18:00,14,0.7,0,78,Spring,50.2,33,clear
3/30/2024,0:00,28,3.4,0,141,Spring,49.8,71,rain
3/30/2024,6:00,15,0.8,0,110,Spring,68.1,40,clear
3/30/2024,12:00,24,2.5,1,142,Spring,45,58,clouds
3/30/2024,18:00,17,2.1,0,127,Spring,49,61,clouds
3/31/2024,0:00,27,3,0,147,Spring,61,64,rain
3/31/2024,6:00,32,3.5,0,121,Spring,43.5,63,rain
3/31/2024,12:00,12,1,0,102,Spring,58,42,clouds
3/31/2024,18:00,22,2.5,0,120,Spring,51.7,46,clouds
4/1/2024,0:00,21,2.6,0,113,Spring,67.6,41,clouds
4/1/2024,6:00,22,2.6,0,169,Spring,60.5,85,rain
4/1/2024,12:00,15,3.3,0,104,Spring,59.1,61,rain
4/1/2024,18:00,22,2,1,135,Spring,51.6,81,rain
4/2/2024,0:00,13,1.2,0,111,Spring,51.3,37,clear
4/2/2024,6:00,22,2.2,0,117,Spring,43.5,48,clouds
4/2/2024,12:00,22,3.5,0,151,Spring,61.9,70,rain
4/2/2024,18:00,20,2.1,0,132,Spring,50.9,69,clouds
4/3/2024,0:00,21,2.5,0,115,Spring,62,55,clouds
4/3/2024,6:00,25,2,0,118,Spring,51.9,45,clouds
4/3/2024,12:00,28,2.9,0,127,Spring,54.5,64,rain
4/3/2024,18:00,14,0.1,0,129,Spring,67.3,39,clear
4/4/2024,0:00,18,3.6,0,140,Spring,36.4,82,rain
4/4/2024,6:00,14,1,0,113,Spring,62,35,clear
4/4/2024,12:00,14,0.9,0,92,Spring,54.9,50,clear
4/4/2024,18:00,22,2.3,0,145,Spring,58.8,56,clouds
4/5/2024,0:00,31,3.5,1,127,Spring,56,69,rain
4/5/2024,6:00,13,2.4,0,94,Spring,57.2,74,rain
4/5/2024,12:00,22,2.1,1,113,Spring,56,52,clouds
4/5/2024,18:00,30,3.5,1,141,Spring,54.9,89,rain
4/6/2024,0:00,19,1.9,0,113,Spring,61.5,46,clouds
4/6/2024,6:00,11,0.6,0,113,Spring,53.1,39,clear
4/6/2024,12:00,23,3.2,0,93,Spring,64.5,63,rain
4/6/2024,18:00,29,2.9,0,120,Spring,46.5,88,rain
4/7/2024,0:00,13,2.1,1,166,Spring,53.4,44,clouds
4/7/2024,6:00,14,0.3,1,127,Spring,47.8,40,clear
4/7/2024,12:00,12,1,0,133,Spring,55.9,44,clear
4/7/2024,18:00,26,1.1,0,146,Spring,49.6,53,clear
4/8/2024,0:00,31,1.8,0,126,Spring,48.7,50,clouds
4/8/2024,6:00,14,1.7,0,127,Spring,46.9,50,clear
4/8/2024,12:00,22,3.4,0,107,Spring,56.4,65,rain
4/8/2024,18:00,18,0.1,0,112,Spring,68,32,clear
4/9/2024,0:00,12,1.5,1,115,Spring,67,34,clear
4/9/2024,6:00,11,0.5,0,117,Spring,54.4,43,clear
4/9/2024,12:00,22,3.4,0,132,Spring,47.6,73,rain
4/9/2024,18:00,11,0.1,0,97,Spring,59.7,31,clear
4/10/2024,0:00,32,2.9,0,156,Spring,47.7,55,clouds
4/10/2024,6:00,14,0.4,0,111,Spring,46.5,37,clear
4/10/2024,12:00,20,3.7,0,111,Spring,44.2,71,rain
4/10/2024,18:00,32,3.4,0,145,Spring,52.2,72,rain
4/11/2024,0:00,15,2.2,0,137,Spring,49.4,49,clouds
4/11/2024,6:00,15,2.4,0,121,Spring,47.9,54,clouds
4/11/2024,12:00,14,0.7,0,115,Spring,60.7,42,clear
4/11/2024,18:00,12,0.9,1,97,Spring,57,47,clear
4/12/2024,0:00,18,1.6,0,117,Spring,55,51,clouds
4/12/2024,6:00,26,1.9,0,110,Spring,54.1,68,clouds
4/12/2024,12:00,16,1.2,0,123,Spring,57.8,39,clear
4/12/2024,18:00,12,1,0,106,Spring,64.2,37,clear
4/13/2024,0:00,14,1.2,0,124,Spring,53.5,69,clouds
4/13/2024,6:00,16,2.5,0,123,Spring,62.7,66,clouds
4/13/2024,12:00,18,1.9,0,120,Spring,57.3,47,clouds
4/13/2024,18:00,15,1,0,111,Spring,55.2,36,clear
4/14/2024,0:00,36,3,1,161,Spring,42.9,76,rain
4/14/2024,6:00,37,4.3,1,150,Spring,52.6,66,rain
4/14/2024,12:00,27,3.5,0,134,Spring,43,66,rain
4/14/2024,18:00,26,3.3,0,134,Spring,50,69,rain
4/15/2024,0:00,7,0.5,0,98,Spring,63.8,39,clear
4/15/2024,6:00,18,3.2,0,114,Spring,45.4,64,rain
4/15/2024,12:00,14,2.9,0,87,Spring,50.2,44,clouds
4/15/2024,18:00,16,1.4,0,94,Spring,61.4,47,clear
4/16/2024,0:00,11,1.2,0,100,Spring,50.7,44,clear
4/16/2024,6:00,15,1.3,0,115,Spring,47.9,34,clear
4/16/2024,12:00,7,0.5,0,115,Spring,73.6,30,clear
4/16/2024,18:00,27,2.1,0,123,Spring,54.3,37,clear
4/17/2024,0:00,23,1.4,0,128,Spring,49.4,45,clouds
4/17/2024,6:00,30,3,1,138,Spring,61.6,78,rain
4/17/2024,12:00,21,1.8,0,144,Spring,59,53,clouds
4/17/2024,18:00,30,3.6,0,161,Spring,47,87,rain
4/18/2024,0:00,22,2.8,1,148,Spring,62.9,72,rain
4/18/2024,6:00,13,0.6,0,133,Spring,50.8,38,clear
4/18/2024,12:00,20,2.4,0,115,Spring,71.7,71,rain
4/18/2024,18:00,18,2.9,0,113,Spring,42,88,rain
4/19/2024,0:00,32,3.5,0,89,Spring,52.9,74,rain
4/19/2024,6:00,31,3.5,0,132,Spring,55.3,81,rain
4/19/2024,12:00,17,1.3,0,109,Spring,59.3,52,clear
4/19/2024,18:00,18,0.7,0,109,Spring,56.5,30,clear
4/20/2024,0:00,17,2.5,0,125,Spring,52.6,66,rain
4/20/2024,6:00,19,2.2,1,136,Spring,45,68,rain
4/20/2024,12:00,26,2.9,1,138,Spring,40.4,82,rain
4/20/2024,18:00,14,0.3,0,107,Spring,65.5,53,clear
4/21/2024,0:00,21,2.3,0,143,Spring,47.5,73,rain
4/21/2024,6:00,14,1.2,0,116,Spring,41.6,63,clouds
4/21/2024,12:00,21,2.6,0,144,Spring,48.5,81,rain
4/21/2024,18:00,30,2.9,0,135,Spring,49.7,65,rain
4/22/2024,0:00,10,2,0,115,Spring,55,48,clouds
4/22/2024,6:00,20,1.5,1,126,Spring,60.4,53,clouds
4/22/2024,12:00,23,3,0,121,Spring,49.2,83,rain
4/22/2024,18:00,28,1.4,0,116,Spring,45.2,30,clear
4/23/2024,0:00,19,2.8,0,110,Spring,56.7,62,rain
4/23/2024,6:00,21,2.3,0,149,Spring,55.4,50,clouds
4/23/2024,12:00,25,2.5,0,125,Spring,49.2,82,rain
4/23/2024,18:00,18,0.9,0,101,Spring,59.3,46,clear
4/24/2024,0:00,8,1.5,0,132,Spring,58.3,43,clouds
4/24/2024,6:00,27,3.4,0,125,Spring,41.7,73,rain
4/24/2024,12:00,9,0.5,0,100,Spring,72.7,54,clear
4/24/2024,18:00,12,0.5,0,128,Spring,61.2,43,clear
4/25/2024,0:00,8,1,0,105,Spring,64.5,43,clear
4/25/2024,6:00,14,2.2,0,108,Spring,53.9,48,clouds
4/25/2024,12:00,20,2.1,0,119,Spring,57.5,74,rain
4/25/2024,18:00,21,2.2,1,117,Spring,40.4,66,rain
4/26/2024,0:00,11,0.2,0,108,Spring,66.3,33,clear
4/26/2024,6:00,17,1.9,1,118,Spring,64.5,31,clear
4/26/2024,12:00,37,3.1,0,136,Spring,45.3,70,rain
4/26/2024,18:00,14,0.7,0,113,Spring,57,52,clear
4/27/2024,0:00,29,3.7,0,153,Spring,48.9,77,rain
4/27/2024,6:00,10,0.5,0,101,Spring,56.9,46,clear
4/27/2024,12:00,27,3.1,1,129,Spring,52.9,79,rain
4/27/2024,18:00,12,0.8,0,116,Spring,64.3,44,clear
4/28/2024,0:00,19,1.3,1,128,Spring,49.8,59,clouds
4/28/2024,6:00,7,0.9,1,144,Spring,63.5,54,clear
4/28/2024,12:00,10,0.4,0,115,Spring,62.4,38,clear
4/28/2024,18:00,19,0.9,0,109,Spring,66.3,32,clear
4/29/2024,0:00,7,0.6,1,134,Spring,59.7,46,clear
4/29/2024,6:00,17,0.9,0,145,Spring,72.5,42,clear
4/29/2024,12:00,19,2,0,125,Spring,58.2,61,clouds
4/29/2024,18:00,16,1.8,0,114,Spring,53.1,37,clear
4/30/2024,0:00,19,2.5,0,112,Spring,51,80,rain
4/30/2024,6:00,25,3.2,0,121,Spring,52.3,61,rain
4/30/2024,12:00,18,0.7,0,121,Spring,61.8,43,clear
4/30/2024,18:00,19,2.1,0,84,Spring,54.8,49,clouds
5/1/2024,0:00,24,2.8,0,115,Spring,47.4,85,rain
5/1/2024,6:00,21,1.9,0,112,Spring,47.2,49,clouds
5/1/2024,12:00,19,1.9,0,122,Spring,49.6,48,clouds
5/1/2024,18:00,13,1.2,0,84,Spring,61.1,31,clear
5/2/2024,0:00,12,1.3,0,112,Spring,65,41,clear
5/2/2024,6:00,12,1.6,0,126,Spring,59.5,60,clouds
5/2/2024,12:00,12,0.9,0,127,Spring,41.4,49,clear
5/2/2024,18:00,21,2,0,112,Spring,53.6,46,clouds
5/3/2024,0:00,21,2.3,0,103,Spring,45.3,87,rain
5/3/2024,6:00,22,2.7,0,104,Spring,46.5,84,rain
5/3/2024,12:00,25,2.6,0,140,Spring,47.6,67,rain
5/3/2024,18:00,21,2,0,120,Spring,58.9,63,clouds
5/4/2024,0:00,12,0.6,0,114,Spring,42,37,clear
5/4/2024,6:00,24,3.3,0,125,Spring,53.9,80,rain
5/4/2024,12:00,29,2.8,0,128,Spring,47.9,60,rain
5/4/2024,18:00,22,2.2,0,137,Spring,53.4,44,clouds
5/5/2024,0:00,19,3.2,0,99,Spring,41.6,69,rain
5/5/2024,6:00,19,1.3,1,132,Spring,44.3,44,clear
5/5/2024,12:00,25,1.8,1,120,Spring,47.1,33,clear
5/5/2024,18:00,30,1.8,1,105,Spring,52.1,58,clouds
5/6/2024,0:00,19,3.7,1,123,Spring,45.3,71,rain
5/6/2024,6:00,14,1.5,0,110,Spring,51.2,58,clouds
5/6/2024,12:00,20,1.7,0,136,Spring,57.6,54,clouds
5/6/2024,18:00,17,1.6,1,138,Spring,74.2,33,clear
5/7/2024,0:00,23,2.5,0,111,Spring,46.7,75,rain
5/7/2024,6:00,25,3,0,123,Spring,52.1,81,rain
5/7/2024,12:00,23,1.4,0,110,Spring,54.1,34,clear
5/7/2024,18:00,19,2.4,0,129,Spring,50.2,59,clouds
5/8/2024,0:00,20,1,0,95,Spring,65.6,52,clear
5/8/2024,6:00,25,1.8,0,139,Spring,41.1,63,clouds
5/8/2024,12:00,10,0.3,0,70,Spring,53.7,41,clear
5/8/2024,18:00,12,0.5,0,118,Spring,62.7,51,clear
5/9/2024,0:00,31,4.2,1,110,Spring,54.5,78,rain
5/9/2024,6:00,14,0.7,0,91,Spring,48.8,48,clear
5/9/2024,12:00,27,3.5,0,136,Spring,46.3,67,rain
5/9/2024,18:00,14,0.6,0,121,Spring,40.3,38,clear
5/10/2024,0:00,14,0.7,0,110,Spring,42.9,54,clear
5/10/2024,6:00,32,3.3,0,155,Spring,47.4,81,rain
5/10/2024,12:00,19,0.9,0,90,Spring,49.8,45,clear
5/10/2024,18:00,11,0.1,1,77,Spring,61.1,52,clear
5/11/2024,0:00,10,0.9,0,131,Spring,45.3,45,clear
5/11/2024,6:00,16,1.2,0,96,Spring,40.1,41,clear
5/11/2024,12:00,19,1.2,0,112,Spring,65.1,34,clear
5/11/2024,18:00,25,2.6,0,144,Spring,46.4,67,rain
5/12/2024,0:00,14,0.4,1,137,Spring,57.4,30,clear
5/12/2024,6:00,17,1,0,111,Spring,31.4,32,clear
5/12/2024,12:00,18,1.5,0,131,Spring,57.4,54,clear
5/12/2024,18:00,26,3.7,0,137,Spring,42.8,89,rain
5/13/2024,0:00,16,2.4,0,121,Spring,50.3,77,rain
5/13/2024,6:00,17,1.8,0,122,Spring,60.3,62,clouds
5/13/2024,12:00,20,2.8,0,135,Spring,42.8,81,rain
5/13/2024,18:00,13,1.7,0,96,Spring,56.8,55,clouds
5/14/2024,0:00,31,3.8,1,152,Spring,47.5,77,rain
5/14/2024,6:00,13,0.8,0,97,Spring,58.3,40,clear
5/14/2024,12:00,11,0.1,0,137,Spring,37.1,44,clear
5/14/2024,18:00,27,3,0,132,Spring,51.2,84,rain
5/15/2024,0:00,14,1.1,0,107,Spring,48.8,35,clear
5/15/2024,6:00,21,2.5,1,121,Spring,54.2,63,clouds
5/15/2024,12:00,12,0.7,1,73,Spring,57.4,46,clear
5/15/2024,18:00,14,2.1,0,110,Spring,56.8,53,clear
5/16/2024,0:00,28,3.2,1,129,Spring,50.7,77,rain
5/16/2024,6:00,33,3,0,101,Spring,46.1,83,rain
5/16/2024,12:00,15,1.3,0,86,Spring,47.6,39,clear
5/16/2024,18:00,26,1.7,0,112,Spring,50.6,42,clear
5/17/2024,0:00,13,1.6,0,111,Spring,48.6,41,clouds
5/17/2024,6:00,17,1,0,110,Spring,52,32,clear
5/17/2024,12:00,16,1.3,1,102,Spring,59.3,35,clear
5/17/2024,18:00,27,3.1,1,132,Spring,55.2,62,rain
5/18/2024,0:00,11,0.8,0,122,Spring,56.1,44,clear
5/18/2024,6:00,23,2.4,0,132,Spring,53.3,75,rain
5/18/2024,12:00,13,0.7,0,106,Spring,47.2,33,clear
5/18/2024,18:00,18,2.6,0,118,Spring,50.4,68,rain
5/19/2024,0:00,22,1.9,0,121,Spring,55.2,63,clouds
5/19/2024,6:00,16,1.1,0,108,Spring,53.7,39,clear
5/19/2024,12:00,18,1.5,0,108,Spring,43.1,49,clouds
5/19/2024,18:00,24,1.8,1,125,Spring,60.3,32,clear
5/20/2024,0:00,18,3.2,1,141,Spring,66,75,rain
5/20/2024,6:00,9,0.6,0,109,Spring,50.3,45,clear
5/20/2024,12:00,15,1.3,0,99,Spring,45.1,35,clear
5/20/2024,18:00,14,0.4,0,116,Spring,64.8,44,clear
5/21/2024,0:00,31,2.6,0,110,Spring,43.5,84,rain
5/21/2024,6:00,15,1.4,0,98,Spring,40.6,46,clouds
5/21/2024,12:00,9,0.6,0,112,Spring,62.3,39,clear
5/21/2024,18:00,27,3.4,0,139,Spring,42.2,69,rain
5/22/2024,0:00,19,3.2,0,111,Spring,47.3,80,rain
5/22/2024,6:00,20,2.4,0,89,Spring,72.7,51,clouds
5/22/2024,12:00,33,3.3,0,141,Spring,54.2,81,rain
5/22/2024,18:00,13,0.9,0,112,Spring,49.6,50,clear
5/23/2024,0:00,24,3.1,0,141,Spring,59.4,62,clouds
5/23/2024,6:00,15,1.3,0,103,Spring,51.3,47,clouds
5/23/2024,12:00,29,2.9,0,148,Spring,51.1,83,rain
5/23/2024,18:00,15,2,0,95,Spring,48.9,84,rain
5/24/2024,0:00,20,2.3,0,111,Spring,39.7,41,clouds
5/24/2024,6:00,20,1.2,0,107,Spring,59,40,clear
5/24/2024,12:00,22,1.1,0,144,Spring,47.6,42,clear
5/24/2024,18:00,18,1.5,0,125,Spring,59.9,58,clouds
5/25/2024,0:00,21,1.5,0,161,Spring,51.5,56,clouds
5/25/2024,6:00,14,1.3,1,102,Spring,70.8,52,clear
5/25/2024,12:00,29,2,0,123,Spring,59.6,45,clear
5/25/2024,18:00,8,1.1,0,131,Spring,67.2,52,clear
5/26/2024,0:00,11,2.9,0,104,Spring,55.7,80,rain
5/26/2024,6:00,31,3.5,0,131,Spring,50.8,69,rain
5/26/2024,12:00,10,0.1,0,117,Spring,46.8,53,clear
5/26/2024,18:00,29,3.5,0,128,Spring,47.6,83,rain
5/27/2024,0:00,30,2.9,0,129,Spring,44.5,60,rain
5/27/2024,6:00,28,2,0,146,Spring,54.4,55,clouds
5/27/2024,12:00,13,2,0,112,Spring,60.2,53,clear
5/27/2024,18:00,27,3.4,0,109,Spring,56.9,74,rain
5/28/2024,0:00,24,2.3,0,112,Spring,54.2,84,rain
5/28/2024,6:00,21,2.3,0,134,Spring,53.1,81,rain
5/28/2024,12:00,23,2.8,0,141,Spring,35.6,76,rain
5/28/2024,18:00,14,0.7,0,102,Spring,48.7,32,clear
5/29/2024,0:00,14,0.3,0,72,Spring,68.1,38,clear
5/29/2024,6:00,30,3.7,1,123,Spring,51.9,88,rain
5/29/2024,12:00,20,2.5,0,149,Spring,48.5,51,clouds
5/29/2024,18:00,15,1.2,0,122,Spring,63.9,63,clouds
5/30/2024,0:00,20,2.6,0,116,Spring,49.1,77,rain
5/30/2024,6:00,30,2.5,1,131,Spring,59.8,65,rain
5/30/2024,12:00,20,2.7,1,135,Spring,47.2,41,clouds
5/30/2024,18:00,29,3.6,0,139,Spring,49.8,61,rain
5/31/2024,0:00,13,2.4,0,114,Spring,63.3,43,clouds
5/31/2024,6:00,22,2.8,0,105,Spring,55.8,81,rain
5/31/2024,12:00,17,1.6,0,123,Spring,59.5,50,clear
5/31/2024,18:00,5,0.1,0,96,Spring,44.9,41,clear
6/1/2024,0:00,9,0.2,0,96,Summer,69.1,40,clear
6/1/2024,6:00,19,2.4,0,123,Summer,81.2,59,clouds
6/1/2024,12:00,17,1.2,1,124,Summer,84.7,32,clear
6/1/2024,18:00,25,2,0,134,Summer,76.1,61,clouds
6/2/2024,0:00,25,2.9,0,110,Summer,64.9,68,rain
6/2/2024,6:00,24,1.5,1,123,Summer,84.2,34,clear
6/2/2024,12:00,19,2.2,0,132,Summer,79.8,47,clouds
6/2/2024,18:00,29,2.6,0,124,Summer,73.2,47,clouds
6/3/2024,0:00,28,2.7,1,151,Summer,73.9,46,clouds
6/3/2024,6:00,29,3.3,0,108,Summer,86.9,74,rain
6/3/2024,12:00,17,2.1,0,108,Summer,79.3,46,clouds
6/3/2024,18:00,13,2.2,0,101,Summer,76.5,55,clouds
6/4/2024,0:00,25,3.1,0,123,Summer,71.6,88,rain
6/4/2024,6:00,19,0.4,0,110,Summer,77.4,48,clear
6/4/2024,12:00,20,2.5,0,131,Summer,71.7,58,clouds
6/4/2024,18:00,15,0.9,1,113,Summer,91.2,52,clear
6/5/2024,0:00,11,0.7,0,110,Summer,80.2,31,clear
6/5/2024,6:00,17,0.8,0,108,Summer,83.7,36,clear
6/5/2024,12:00,18,2.4,0,114,Summer,83.3,48,clouds
6/5/2024,18:00,16,1.7,0,107,Summer,82.3,61,clouds
6/6/2024,0:00,28,1.8,0,119,Summer,63.5,43,clouds
6/6/2024,6:00,29,3.3,0,128,Summer,74.7,75,rain
6/6/2024,12:00,16,3,0,147,Summer,77.2,88,rain
6/6/2024,18:00,18,1.3,0,131,Summer,60.1,39,clear
6/7/2024,0:00,16,1.7,0,132,Summer,77,52,clouds
6/7/2024,6:00,25,1.3,0,139,Summer,86.9,66,clouds
6/7/2024,12:00,27,2.2,0,133,Summer,84.8,50,clouds
6/7/2024,18:00,23,2.2,0,139,Summer,84,52,clouds
6/8/2024,0:00,30,4.1,0,159,Summer,75.3,63,rain
6/8/2024,6:00,13,1.1,0,118,Summer,87,45,clear
6/8/2024,12:00,26,2.5,0,135,Summer,71.4,60,clouds
6/8/2024,18:00,25,1.9,1,113,Summer,71.5,49,clouds
6/9/2024,0:00,12,1.8,0,107,Summer,78.9,62,clouds
6/9/2024,6:00,26,2.8,0,106,Summer,85.1,44,clouds
6/9/2024,12:00,14,0.7,0,135,Summer,76,46,clear
6/9/2024,18:00,25,2.5,0,131,Summer,71.2,74,rain
6/10/2024,0:00,13,0.4,0,100,Summer,84.1,36,clear
6/10/2024,6:00,12,1.3,0,106,Summer,75.1,46,clouds
6/10/2024,12:00,15,0.3,0,97,Summer,90,45,clear
6/10/2024,18:00,23,3.5,0,158,Summer,75.5,68,rain
6/11/2024,0:00,17,0.4,0,104,Summer,79,46,clear
6/11/2024,6:00,24,1.6,1,125,Summer,81.2,36,clear
6/11/2024,12:00,25,3,0,89,Summer,63.3,66,rain
6/11/2024,18:00,21,1.9,0,142,Summer,66.4,65,clouds
6/12/2024,0:00,22,2.9,0,119,Summer,81.3,82,rain
6/12/2024,6:00,16,1.6,0,143,Summer,76.5,56,clouds
6/12/2024,12:00,27,2.1,0,107,Summer,71.6,56,clouds
6/12/2024,18:00,20,2.2,0,147,Summer,72.5,54,clouds
6/13/2024,0:00,4,0.2,0,106,Summer,59.4,37,clear
6/13/2024,6:00,27,3.5,0,159,Summer,69.7,64,rain
6/13/2024,12:00,25,3.4,0,136,Summer,76.1,89,rain
6/13/2024,18:00,22,2.3,0,125,Summer,76.8,41,clouds
6/14/2024,0:00,20,1.2,0,119,Summer,93.7,30,clear
6/14/2024,6:00,12,1,0,118,Summer,71.7,30,clear
6/14/2024,12:00,22,2.6,0,112,Summer,77.1,67,rain
6/14/2024,18:00,28,2.1,0,151,Summer,91.8,51,clouds
6/15/2024,0:00,24,2.5,0,101,Summer,78.9,61,clouds
6/15/2024,6:00,15,1,0,114,Summer,83.1,48,clear
6/15/2024,12:00,18,2.8,0,117,Summer,94.8,77,rain
6/15/2024,18:00,34,3.4,0,160,Summer,64.1,84,rain
6/16/2024,0:00,16,0.7,0,141,Summer,74.7,45,clear
6/16/2024,6:00,14,0.9,1,119,Summer,85.4,60,clouds
6/16/2024,12:00,25,2.9,0,168,Summer,72.5,82,rain
6/16/2024,18:00,28,3.4,0,149,Summer,73.2,65,rain
6/17/2024,0:00,17,1.9,0,132,Summer,74.5,47,clear
6/17/2024,6:00,21,1.9,0,118,Summer,77.1,43,clouds
6/17/2024,12:00,14,1.7,0,108,Summer,80.1,44,clouds
6/17/2024,18:00,17,1.8,0,129,Summer,69.5,55,clouds
6/18/2024,0:00,21,2.5,0,123,Summer,82.7,66,rain
6/18/2024,6:00,21,2.6,0,111,Summer,73,43,clouds
6/18/2024,12:00,30,2.7,0,115,Summer,72.7,63,rain
6/18/2024,18:00,22,1.2,0,135,Summer,89.7,49,clear
6/19/2024,0:00,9,0.3,0,105,Summer,69.2,52,clear
6/19/2024,6:00,9,1.2,1,89,Summer,85.7,48,clear
6/19/2024,12:00,6,0.6,0,108,Summer,81.4,37,clear
6/19/2024,18:00,26,2.9,0,122,Summer,90.5,49,clouds
6/20/2024,0:00,8,0.4,0,125,Summer,79.1,30,clear
6/20/2024,6:00,23,3,0,88,Summer,75.4,60,rain
6/20/2024,12:00,10,0.8,0,127,Summer,78,53,clear
6/20/2024,18:00,13,1.7,0,108,Summer,64.8,51,clouds
6/21/2024,0:00,14,1.1,0,114,Summer,74.1,50,clear
6/21/2024,6:00,14,1.1,0,86,Summer,73.8,33,clear
6/21/2024,12:00,6,0.2,0,93,Summer,72.5,30,clear
6/21/2024,18:00,13,1.7,0,93,Summer,86.4,32,clear
6/22/2024,0:00,23,1.5,0,113,Summer,76.4,31,clear
6/22/2024,6:00,28,2.9,1,152,Summer,64.4,77,rain
6/22/2024,12:00,22,1.8,0,132,Summer,77.2,47,clear
6/22/2024,18:00,20,2.3,0,139,Summer,86.9,45,clouds
6/23/2024,0:00,15,0.9,1,122,Summer,83.7,44,clear
6/23/2024,6:00,19,1.5,0,95,Summer,71.7,53,clear
6/23/2024,12:00,17,2.1,1,109,Summer,81.8,46,clouds
6/23/2024,18:00,18,1.1,0,111,Summer,76.7,53,clear
6/24/2024,0:00,17,0.3,0,124,Summer,86.4,44,clear
6/24/2024,6:00,29,1.8,0,134,Summer,64.4,55,clouds
6/24/2024,12:00,20,2,0,138,Summer,74.4,44,clouds
6/24/2024,18:00,25,2,1,135,Summer,71.3,66,clouds
6/25/2024,0:00,20,1.4,0,112,Summer,78.5,35,clear
6/25/2024,6:00,33,2.8,1,133,Summer,68.4,78,rain
6/25/2024,12:00,16,0.8,1,111,Summer,84.3,33,clear
6/25/2024,18:00,26,2.5,0,148,Summer,80.5,82,rain
6/26/2024,0:00,17,1,0,109,Summer,78.9,30,clear
6/26/2024,6:00,27,2.7,1,145,Summer,90.1,70,rain
6/26/2024,12:00,17,1.1,0,81,Summer,78.9,36,clear
6/26/2024,18:00,17,1,0,101,Summer,92.4,48,clear
6/27/2024,0:00,17,1.5,0,131,Summer,87.5,43,clear
6/27/2024,6:00,18,1.8,0,128,Summer,80.3,45,clouds
6/27/2024,12:00,27,3,0,115,Summer,71.3,68,clouds
6/27/2024,18:00,28,2.7,1,143,Summer,74.8,76,rain
6/28/2024,0:00,27,2.2,0,110,Summer,67,44,clouds
6/28/2024,6:00,18,1.4,0,126,Summer,88.7,33,clear
6/28/2024,12:00,20,3.1,1,123,Summer,64.2,63,rain
6/28/2024,18:00,14,1.6,0,123,Summer,73.5,44,clouds
6/29/2024,0:00,21,1.1,0,159,Summer,93.4,30,clear
6/29/2024,6:00,7,0.4,0,108,Summer,74.9,45,clear
6/29/2024,12:00,17,1.3,1,133,Summer,80.8,53,clear
6/29/2024,18:00,25,2.5,0,127,Summer,74.1,63,rain
6/30/2024,0:00,21,1.4,0,108,Summer,63.1,37,clear
6/30/2024,6:00,20,1.9,0,140,Summer,76.9,51,clouds
6/30/2024,12:00,20,3,0,94,Summer,84.9,54,clouds
6/30/2024,18:00,31,2,0,128,Summer,69.8,30,clear
7/1/2024,0:00,27,2.5,0,109,Summer,78.6,65,clouds
7/1/2024,6:00,21,3.6,1,135,Summer,64.7,78,rain
7/1/2024,12:00,14,1.1,0,123,Summer,74.1,46,clear
7/1/2024,18:00,22,3.4,0,162,Summer,77.6,84,rain
7/2/2024,0:00,32,1.4,0,107,Summer,80.9,49,clear
7/2/2024,6:00,16,1.6,0,122,Summer,86.2,41,clear
7/2/2024,12:00,26,1.8,0,125,Summer,88.4,52,clouds
7/2/2024,18:00,8,1,0,102,Summer,77.8,49,clouds
7/3/2024,0:00,34,3.3,0,133,Summer,84.6,68,rain
7/3/2024,6:00,25,2.6,1,133,Summer,83.5,66,rain
7/3/2024,12:00,19,1.4,0,117,Summer,76,60,clouds
7/3/2024,18:00,19,1.1,0,135,Summer,78.1,50,clear
7/4/2024,0:00,24,3,0,113,Summer,82.4,55,clouds
7/4/2024,6:00,14,0.9,0,94,Summer,91.7,52,clear
7/4/2024,12:00,22,2.5,0,125,Summer,76,59,clouds
7/4/2024,18:00,15,0.7,0,135,Summer,86.8,42,clear
7/5/2024,0:00,25,3.6,0,140,Summer,81,85,rain
7/5/2024,6:00,19,1.9,0,106,Summer,67.2,35,clear
7/5/2024,12:00,19,1.8,0,124,Summer,79.7,67,clouds
7/5/2024,18:00,16,2.1,0,129,Summer,72.6,47,clouds
7/6/2024,0:00,24,2.9,0,105,Summer,73.5,69,clouds
7/6/2024,6:00,11,1.7,0,122,Summer,85.7,32,clear
7/6/2024,12:00,12,0.5,0,110,Summer,81.1,54,clear
7/6/2024,18:00,19,2.8,1,121,Summer,74.8,74,rain
7/7/2024,0:00,15,2.4,0,94,Summer,72.7,60,clouds
7/7/2024,6:00,16,1.5,0,109,Summer,84.1,39,clear
7/7/2024,12:00,9,0.4,0,110,Summer,88.3,54,clear
7/7/2024,18:00,26,3.1,0,119,Summer,67.6,68,rain
7/8/2024,0:00,18,1.4,1,107,Summer,81.4,37,clear
7/8/2024,6:00,18,0.6,0,120,Summer,89.2,43,clear
7/8/2024,12:00,36,3.4,0,101,Summer,70.4,84,rain
7/8/2024,18:00,20,1.6,1,120,Summer,80.8,54,clouds
7/9/2024,0:00,19,1.2,0,162,Summer,88.5,41,clear
7/9/2024,6:00,18,2.3,0,97,Summer,88.3,41,clear
7/9/2024,12:00,22,2.5,1,107,Summer,77.8,63,rain
7/9/2024,18:00,20,2.6,0,131,Summer,88,41,clouds
7/10/2024,0:00,18,2.7,0,100,Summer,65.9,77,rain
7/10/2024,6:00,16,0.1,0,112,Summer,75.7,31,clear
7/10/2024,12:00,16,1.5,0,144,Summer,100.6,40,clear
7/10/2024,18:00,8,0.4,0,80,Summer,63.6,47,clear
7/11/2024,0:00,21,1.7,1,110,Summer,82.9,67,clouds
7/11/2024,6:00,16,1.1,0,111,Summer,73.6,40,clear
7/11/2024,12:00,14,0.5,0,126,Summer,81.2,32,clear
7/11/2024,18:00,21,1.2,0,117,Summer,82.7,36,clear
7/12/2024,0:00,22,1.9,0,97,Summer,81,60,clouds
7/12/2024,6:00,26,2.4,0,136,Summer,68.6,88,rain
7/12/2024,12:00,25,3.2,1,140,Summer,66.2,64,rain
7/12/2024,18:00,20,1.9,0,115,Summer,76.6,40,clouds
7/13/2024,0:00,31,2,1,130,Summer,80.2,60,clouds
7/13/2024,6:00,8,0.8,0,122,Summer,75.8,39,clear
7/13/2024,12:00,16,1.7,0,90,Summer,76.9,69,clouds
7/13/2024,18:00,18,1.7,0,106,Summer,83.9,54,clouds
7/14/2024,0:00,23,2.6,0,144,Summer,88.1,40,clouds
7/14/2024,6:00,32,1.9,1,140,Summer,85.5,68,clouds
7/14/2024,12:00,12,0.4,0,112,Summer,68.5,43,clear
7/14/2024,18:00,6,0.8,0,104,Summer,87.3,33,clear
7/15/2024,0:00,25,3.7,0,125,Summer,75.2,89,rain
7/15/2024,6:00,22,1.1,0,103,Summer,81.4,32,clear
7/15/2024,12:00,32,3.9,0,145,Summer,67.4,73,rain
7/15/2024,18:00,8,0.8,0,123,Summer,84.9,33,clear
7/16/2024,0:00,13,0.9,0,129,Summer,78.3,30,clear
7/16/2024,6:00,12,1,0,117,Summer,65.7,54,clear
7/16/2024,12:00,11,0.1,0,109,Summer,79,42,clear
7/16/2024,18:00,13,0.9,0,129,Summer,73.9,49,clear
7/17/2024,0:00,26,3.7,1,120,Summer,69.8,69,rain
7/17/2024,6:00,20,2.9,0,158,Summer,72.1,68,rain
7/17/2024,12:00,20,1.6,0,127,Summer,80.3,68,clouds
7/17/2024,18:00,10,1.9,0,117,Summer,78.1,32,clear
7/18/2024,0:00,13,1.3,0,114,Summer,76.1,62,clouds
7/18/2024,6:00,19,1.4,0,105,Summer,81,47,clear
7/18/2024,12:00,12,0.7,0,104,Summer,84.8,39,clear
7/18/2024,18:00,8,1,0,123,Summer,66.7,33,clear
7/19/2024,0:00,25,1.3,0,109,Summer,85,51,clear
7/19/2024,6:00,13,1.1,0,112,Summer,74,34,clear
7/19/2024,12:00,23,1.4,0,132,Summer,85.4,41,clear
7/19/2024,18:00,20,1.9,0,141,Summer,88.3,44,clouds
7/20/2024,0:00,32,2.9,0,144,Summer,74.7,68,rain
7/20/2024,6:00,16,0.7,0,117,Summer,83.3,46,clear
7/20/2024,12:00,37,3.5,0,122,Summer,76.5,87,rain
7/20/2024,18:00,23,1.3,0,117,Summer,71.9,53,clear
7/21/2024,0:00,20,1.4,0,98,Summer,79.1,31,clear
7/21/2024,6:00,17,1.4,0,103,Summer,70.3,64,clouds
7/21/2024,12:00,11,0.5,0,121,Summer,87.4,50,clear
7/21/2024,18:00,16,0.9,1,145,Summer,93,48,clouds
7/22/2024,0:00,9,0.7,0,122,Summer,63.6,33,clear
7/22/2024,6:00,17,2.7,1,117,Summer,75.5,81,rain
7/22/2024,12:00,20,2.5,0,143,Summer,75.2,52,clouds
7/22/2024,18:00,10,1.7,0,111,Summer,78.5,65,clouds
7/23/2024,0:00,30,2.4,0,127,Summer,69.1,72,rain
7/23/2024,6:00,17,3.1,0,110,Summer,89.2,63,rain
7/23/2024,12:00,21,1.2,0,153,Summer,77.1,43,clear
7/23/2024,18:00,33,3.9,1,139,Summer,76.2,62,rain
7/24/2024,0:00,18,1.8,0,117,Summer,84,48,clouds
7/24/2024,6:00,10,1.1,0,97,Summer,89.4,60,clouds
7/24/2024,12:00,17,1,0,109,Summer,80.5,49,clear
7/24/2024,18:00,25,2.7,0,122,Summer,80.7,74,rain
7/25/2024,0:00,15,1.7,1,136,Summer,71.2,50,clouds
7/25/2024,6:00,25,2.9,0,103,Summer,84.4,65,rain
7/25/2024,12:00,40,3.5,0,127,Summer,78.2,80,rain
7/25/2024,18:00,15,0.1,0,133,Summer,80.7,42,clear
7/26/2024,0:00,28,2.5,0,134,Summer,73.2,75,rain
7/26/2024,6:00,13,0.8,1,107,Summer,76.7,33,clear
7/26/2024,12:00,26,3.3,0,139,Summer,73.3,70,rain
7/26/2024,18:00,29,3.3,0,140,Summer,63.7,84,rain
7/27/2024,0:00,20,1.2,0,108,Summer,75.5,42,clouds
7/27/2024,6:00,21,2.2,0,88,Summer,67.4,61,rain
7/27/2024,12:00,23,3,0,104,Summer,74.3,80,rain
7/27/2024,18:00,28,3.3,0,99,Summer,85,77,rain
7/28/2024,0:00,37,3.4,0,141,Summer,74.7,76,rain
7/28/2024,6:00,20,1.9,0,145,Summer,81.3,65,clouds
7/28/2024,12:00,21,1.2,0,106,Summer,83.3,36,clear
7/28/2024,18:00,27,3.3,1,98,Summer,75,69,rain
7/29/2024,0:00,23,4,1,135,Summer,76.2,69,rain
7/29/2024,6:00,13,1,0,133,Summer,97.2,53,clear
7/29/2024,12:00,27,2.6,1,150,Summer,86.9,81,rain
7/29/2024,18:00,23,2.3,1,109,Summer,79.4,87,rain
7/30/2024,0:00,23,2.2,1,110,Summer,74.9,83,rain
7/30/2024,6:00,24,2.2,0,107,Summer,85.8,34,clear
7/30/2024,12:00,19,2.5,0,117,Summer,74.3,89,rain
7/30/2024,18:00,20,0.6,0,92,Summer,71.4,50,clear
7/31/2024,0:00,20,0.7,0,118,Summer,82.2,46,clear
7/31/2024,6:00,23,2.6,1,129,Summer,89,55,clouds
7/31/2024,12:00,15,0.9,0,111,Summer,78.1,33,clear
7/31/2024,18:00,21,2.3,0,140,Summer,77.6,52,clouds
8/1/2024,0:00,19,1.6,0,122,Summer,100.7,30,clear
8/1/2024,6:00,20,2.1,0,122,Summer,75.7,61,clouds
8/1/2024,12:00,11,0.8,1,106,Summer,84.9,45,clear
8/1/2024,18:00,13,0.6,0,105,Summer,82.1,46,clear
8/2/2024,0:00,22,2.6,0,121,Summer,75,56,clouds
8/2/2024,6:00,26,3.4,1,134,Summer,74.7,66,rain
8/2/2024,12:00,28,1.9,1,137,Summer,83.2,52,clear
8/2/2024,18:00,19,2.2,0,107,Summer,92.3,57,clouds
8/3/2024,0:00,18,2.6,0,130,Summer,83.5,69,rain
8/3/2024,6:00,17,1.2,0,132,Summer,68.3,33,clear
8/3/2024,12:00,13,1.2,0,121,Summer,75,52,clear
8/3/2024,18:00,34,2.9,0,137,Summer,74,47,clouds
8/4/2024,0:00,16,1.4,0,124,Summer,79.5,60,clouds
8/4/2024,6:00,16,0.3,0,129,Summer,90.3,40,clear
8/4/2024,12:00,34,2.7,0,129,Summer,66.8,87,rain
8/4/2024,18:00,25,3.1,0,122,Summer,68.3,68,rain
8/5/2024,0:00,15,0.8,0,143,Summer,76.1,47,clear
8/5/2024,6:00,14,0.9,1,138,Summer,66.8,45,clear
8/5/2024,12:00,27,1.8,0,134,Summer,68.3,59,clouds
8/5/2024,18:00,22,3,0,111,Summer,70.2,88,rain
8/6/2024,0:00,26,2.8,0,126,Summer,78.4,42,clouds
8/6/2024,6:00,21,3.9,1,144,Summer,76.7,62,rain
8/6/2024,12:00,13,1.8,0,111,Summer,83.2,59,clouds
8/6/2024,18:00,18,1.5,0,128,Summer,81.5,45,clear
8/7/2024,0:00,24,2,0,109,Summer,86.2,46,clouds
8/7/2024,6:00,17,2.3,0,90,Summer,79.9,41,clouds
8/7/2024,12:00,22,1.8,0,120,Summer,79.9,54,clouds
8/7/2024,18:00,6,0.4,1,114,Summer,81.1,30,clear
8/8/2024,0:00,15,0.8,0,96,Summer,55.2,47,clear
8/8/2024,6:00,20,2,0,133,Summer,90.5,48,clear
8/8/2024,12:00,16,1.7,0,117,Summer,70.3,38,clear
8/8/2024,18:00,15,0.5,0,122,Summer,77,52,clear
8/9/2024,0:00,11,0.2,0,128,Summer,65.5,38,clear
8/9/2024,6:00,31,2.8,0,118,Summer,70.8,68,rain
8/9/2024,12:00,22,3.7,0,121,Summer,70.9,75,rain
8/9/2024,18:00,13,1.5,0,70,Summer,73.6,54,clouds
8/10/2024,0:00,15,1.2,0,132,Summer,72.9,52,clear
8/10/2024,6:00,17,1.4,0,102,Summer,71.8,53,clouds
8/10/2024,12:00,17,0.8,0,113,Summer,74.3,52,clear
8/10/2024,18:00,27,2.2,0,130,Summer,80.3,52,clouds
8/11/2024,0:00,27,3.5,0,118,Summer,73.3,71,rain
8/11/2024,6:00,17,1.6,0,103,Summer,67.2,36,clear
8/11/2024,12:00,15,1.8,0,136,Summer,82.6,46,clouds
8/11/2024,18:00,28,3.3,0,122,Summer,61.6,73,rain
8/12/2024,0:00,13,1.6,1,117,Summer,71.4,39,clear
8/12/2024,6:00,19,0.3,0,112,Summer,82.2,39,clear
8/12/2024,12:00,28,2.2,0,165,Summer,83.7,66,clouds
8/12/2024,18:00,12,1.1,0,110,Summer,90.3,35,clear
8/13/2024,0:00,28,1.7,1,150,Summer,97.8,40,clear
8/13/2024,6:00,17,3.3,0,112,Summer,70.2,63,rain
8/13/2024,12:00,13,1.4,0,141,Summer,73.7,41,clear
8/13/2024,18:00,10,0.5,0,83,Summer,76.7,47,clear
8/14/2024,0:00,20,1.7,0,123,Summer,88.1,39,clear
8/14/2024,6:00,17,1.1,0,116,Summer,68.9,42,clear
8/14/2024,12:00,9,0.6,0,97,Summer,76.6,33,clear
8/14/2024,18:00,15,2.4,0,117,Summer,67.7,51,clouds
8/15/2024,0:00,29,2.8,1,106,Summer,80.2,63,clouds
8/15/2024,6:00,13,0.6,0,120,Summer,87.3,32,clear
8/15/2024,12:00,20,1.1,0,133,Summer,66.2,51,clear
8/15/2024,18:00,22,1.5,0,112,Summer,80.3,35,clear
8/16/2024,0:00,14,0.8,1,102,Summer,93.4,54,clear
8/16/2024,6:00,17,0.7,0,122,Summer,80.6,47,clear
8/16/2024,12:00,24,1,0,134,Summer,73.6,59,clouds
8/16/2024,18:00,19,1.5,0,137,Summer,75,48,clouds
8/17/2024,0:00,24,2.5,0,119,Summer,85.9,44,clouds
8/17/2024,6:00,19,2.3,0,125,Summer,89.3,43,clouds
8/17/2024,12:00,20,3.2,0,102,Summer,70.6,70,rain
8/17/2024,18:00,18,0.9,0,116,Summer,83.4,66,clouds
8/18/2024,0:00,15,0.9,0,113,Summer,66.5,33,clear
8/18/2024,6:00,21,1.5,0,122,Summer,79,44,clear
8/18/2024,12:00,30,2.7,0,94,Summer,84.7,79,rain
8/18/2024,18:00,14,0.9,0,107,Summer,66.4,33,clear
8/19/2024,0:00,16,0.8,0,83,Summer,73.4,39,clear
8/19/2024,6:00,12,1.5,0,133,Summer,73.6,45,clear
8/19/2024,12:00,19,2.1,0,142,Summer,79.7,41,clouds
8/19/2024,18:00,12,0.6,0,96,Summer,74.7,35,clear
8/20/2024,0:00,8,0.3,0,101,Summer,77,53,clear
8/20/2024,6:00,10,0.7,1,96,Summer,78.2,33,clear
8/20/2024,12:00,25,3.1,0,119,Summer,80.3,67,clouds
8/20/2024,18:00,23,2.4,0,147,Summer,83.2,83,rain
8/21/2024,0:00,24,1.4,1,135,Summer,84.3,48,clear
8/21/2024,6:00,16,2.9,0,111,Summer,67.9,69,rain
8/21/2024,12:00,10,0.2,0,103,Summer,99.3,44,clear
8/21/2024,18:00,14,2.2,0,96,Summer,78.6,55,clouds
8/22/2024,0:00,24,2.8,0,133,Summer,79.7,56,clouds
8/22/2024,6:00,23,1.3,0,122,Summer,65.9,53,clear
8/22/2024,12:00,28,1.6,0,121,Summer,93.4,47,clear
8/22/2024,18:00,11,1.4,0,124,Summer,79.4,38,clear
8/23/2024,0:00,19,1.4,0,106,Summer,80.2,31,clear
8/23/2024,6:00,13,1.6,0,107,Summer,71,66,clouds
8/23/2024,12:00,21,1.9,1,122,Summer,75.8,69,rain
8/23/2024,18:00,20,3.1,0,157,Summer,64.8,84,rain
8/24/2024,0:00,19,3.3,0,128,Summer,74.5,61,rain
8/24/2024,6:00,12,0.9,0,104,Summer,68.7,40,clear
8/24/2024,12:00,19,2.3,0,109,Summer,78.1,50,clouds
8/24/2024,18:00,20,2.7,0,122,Summer,82.8,78,rain
8/25/2024,0:00,30,1.7,1,134,Summer,73.3,50,clear
8/25/2024,6:00,30,2.7,1,114,Summer,69.3,79,rain
8/25/2024,12:00,12,1.2,0,107,Summer,70.4,34,clear
8/25/2024,18:00,30,2.5,0,113,Summer,83.9,83,rain
8/26/2024,0:00,9,0.4,0,131,Summer,79.4,42,clear
8/26/2024,6:00,10,1.3,0,89,Summer,81.9,32,clear
8/26/2024,12:00,19,2,0,108,Summer,84.8,52,clouds
8/26/2024,18:00,33,3.2,0,131,Summer,74.3,78,rain
8/27/2024,0:00,12,1,1,110,Summer,77.5,63,clouds
8/27/2024,6:00,24,2.6,0,127,Summer,86.3,42,clouds
8/27/2024,12:00,15,2.3,0,114,Summer,78.1,73,rain
8/27/2024,18:00,16,2.7,0,104,Summer,71.7,63,rain
8/28/2024,0:00,15,1.5,1,112,Summer,75.7,33,clear
8/28/2024,6:00,24,2.9,0,125,Summer,62.6,60,rain
8/28/2024,12:00,16,2.6,0,102,Summer,75.5,62,clouds
8/28/2024,18:00,24,1.2,0,102,Summer,88.9,41,clear
8/29/2024,0:00,18,1.7,0,119,Summer,78.6,47,clouds
8/29/2024,6:00,26,1.8,0,115,Summer,76,41,clouds
8/29/2024,12:00,24,2.5,0,129,Summer,81.5,59,clouds
8/29/2024,18:00,23,2.3,0,105,Summer,70.4,85,rain
8/30/2024,0:00,28,3.3,1,124,Summer,72.4,89,rain
8/30/2024,6:00,13,1.1,0,102,Summer,76,54,clear
8/30/2024,12:00,24,1.7,1,107,Summer,72.9,52,clouds
8/30/2024,18:00,20,0.7,0,105,Summer,87.5,45,clear
8/31/2024,0:00,14,0.9,0,116,Summer,72.6,41,clear
8/31/2024,6:00,20,1.9,0,101,Summer,69.8,89,rain
8/31/2024,12:00,10,0.7,0,101,Summer,77.4,45,clear
8/31/2024,18:00,13,1.7,0,120,Summer,79.3,50,clouds
9/1/2024,0:00,20,4.2,0,108,Fall,28.6,88,snow
9/1/2024,6:00,25,4.6,0,126,Fall,28.5,84,snow
9/1/2024,12:00,14,0.5,0,127,Fall,41.7,31,clear
9/1/2024,18:00,16,2.2,1,129,Fall,62.5,47,clouds
9/2/2024,0:00,19,1.8,0,96,Fall,46.7,59,clouds
9/2/2024,6:00,11,1.8,1,105,Fall,48.2,45,clouds
9/2/2024,12:00,19,1.4,0,115,Fall,53.9,58,clouds
9/2/2024,18:00,28,3.2,0,109,Fall,64.3,81,rain
9/3/2024,0:00,18,1.9,0,106,Fall,53,67,clouds
9/3/2024,6:00,33,2.7,1,120,Fall,55.1,72,rain
9/3/2024,12:00,20,1.1,0,137,Fall,53.3,49,clear
9/3/2024,18:00,27,3,0,126,Fall,61.6,70,rain
9/4/2024,0:00,16,1,0,116,Fall,64.2,47,clear
9/4/2024,6:00,15,2.4,0,102,Fall,43.4,43,clouds
9/4/2024,12:00,28,3.1,0,139,Fall,49.1,85,rain
9/4/2024,18:00,12,0.8,0,108,Fall,60.6,41,clear
9/5/2024,0:00,16,0.8,0,111,Fall,48.8,50,clear
9/5/2024,6:00,32,3.1,0,126,Fall,52.2,71,rain
9/5/2024,12:00,24,2.8,0,102,Fall,60.3,85,rain
9/5/2024,18:00,24,1.8,0,118,Fall,66.6,45,clear
9/6/2024,0:00,22,3,0,122,Fall,59.3,89,rain
9/6/2024,6:00,23,2.6,1,147,Fall,60.5,66,clouds
9/6/2024,12:00,39,3.7,0,114,Fall,53.1,68,rain
9/6/2024,18:00,14,1.4,0,118,Fall,68.8,45,clear
9/7/2024,0:00,33,4.2,0,146,Fall,54.2,74,rain
9/7/2024,6:00,26,4.1,1,96,Fall,28,93,snow
9/7/2024,12:00,17,1.3,0,89,Fall,64,66,clouds
9/7/2024,18:00,13,0.8,0,112,Fall,60.8,44,clear
9/8/2024,0:00,22,1.4,0,125,Fall,53.3,40,clear
9/8/2024,6:00,21,0.9,0,114,Fall,55.9,40,clouds
9/8/2024,12:00,34,3.9,0,140,Fall,37.1,93,snow
9/8/2024,18:00,33,4,0,151,Fall,46.8,60,rain
9/9/2024,0:00,10,0.8,0,109,Fall,54.5,68,clouds
9/9/2024,6:00,30,4.6,0,105,Fall,31.7,78,snow
9/9/2024,12:00,25,4,1,112,Fall,30,72,snow
9/9/2024,18:00,15,1.6,0,142,Fall,74.4,41,clouds
9/10/2024,0:00,27,3.6,1,127,Fall,60.8,82,rain
9/10/2024,6:00,21,3.6,0,87,Fall,61.2,88,rain
9/10/2024,12:00,23,1.5,0,129,Fall,69.3,36,clear
9/10/2024,18:00,25,2.9,0,129,Fall,57.1,77,rain
9/11/2024,0:00,10,0.5,0,148,Fall,72.6,40,clear
9/11/2024,6:00,19,1.5,0,130,Fall,68.1,45,clear
9/11/2024,12:00,15,1.7,0,129,Fall,76.3,51,clear
9/11/2024,18:00,29,2.7,0,113,Fall,60.2,68,rain
9/12/2024,0:00,15,0.8,1,122,Fall,57.1,54,clear
9/12/2024,6:00,21,3.8,0,134,Fall,35.6,90,snow
9/12/2024,12:00,15,1.2,0,98,Fall,57.4,48,clouds
9/12/2024,18:00,28,2.8,1,140,Fall,55.2,83,rain
9/13/2024,0:00,21,2,0,102,Fall,44.4,47,clouds
9/13/2024,6:00,26,2.3,0,135,Fall,51.5,85,rain
9/13/2024,12:00,31,3.9,0,109,Fall,28.1,74,snow
9/13/2024,18:00,19,1.6,0,123,Fall,62.7,50,clouds
9/14/2024,0:00,21,2.9,0,119,Fall,59.1,64,rain
9/14/2024,6:00,23,2.6,0,124,Fall,57.5,48,clear
9/14/2024,12:00,15,2,0,135,Fall,52.1,59,clouds
9/14/2024,18:00,23,3,1,89,Fall,52,56,clouds
9/15/2024,0:00,26,1.4,0,125,Fall,61.5,45,clear
9/15/2024,6:00,20,0.6,0,118,Fall,45,32,clear
9/15/2024,12:00,17,1,1,116,Fall,44.7,48,clear
9/15/2024,18:00,19,1.2,0,135,Fall,55.7,43,clouds
9/16/2024,0:00,16,1.9,0,79,Fall,53.1,64,clouds
9/16/2024,6:00,19,1.4,0,133,Fall,58.2,30,clear
9/16/2024,12:00,11,0.1,0,113,Fall,52.9,52,clear
9/16/2024,18:00,23,1.7,0,110,Fall,48.6,59,clouds
9/17/2024,0:00,31,3.8,0,132,Fall,58.1,66,rain
9/17/2024,6:00,27,3.1,0,128,Fall,72.3,74,rain
9/17/2024,12:00,29,2.4,0,135,Fall,63.1,55,clouds
9/17/2024,18:00,11,0.7,0,137,Fall,69.3,50,clear
9/18/2024,0:00,24,3,0,129,Fall,42.9,81,snow
9/18/2024,6:00,31,4.6,0,106,Fall,40,72,snow
9/18/2024,12:00,16,1.2,0,105,Fall,57.9,37,clear
9/18/2024,18:00,23,3.2,0,118,Fall,48,87,rain
9/19/2024,0:00,23,2.4,0,139,Fall,52.4,78,rain
9/19/2024,6:00,28,1.6,0,123,Fall,58.6,54,clouds
9/19/2024,12:00,33,2.9,0,116,Fall,43.3,87,rain
9/19/2024,18:00,27,2.3,0,136,Fall,58.1,69,clouds
9/20/2024,0:00,14,1.4,0,126,Fall,49.3,42,clear
9/20/2024,6:00,23,1.8,0,117,Fall,58.7,63,clouds
9/20/2024,12:00,25,1.7,0,139,Fall,52.9,71,rain
9/20/2024,18:00,13,1.1,0,87,Fall,63.9,30,clear
9/21/2024,0:00,26,3.7,1,120,Fall,64.8,61,rain
9/21/2024,6:00,19,0.8,0,113,Fall,55.7,32,clear
9/21/2024,12:00,12,1.2,0,114,Fall,64.3,47,clear
9/21/2024,18:00,24,5.3,0,114,Fall,29.8,88,snow
9/22/2024,0:00,26,3.9,1,143,Fall,24.2,72,snow
9/22/2024,6:00,20,1.8,0,113,Fall,52.5,60,clouds
9/22/2024,12:00,27,1.6,0,113,Fall,47.7,48,clouds
9/22/2024,18:00,10,0.9,0,126,Fall,54,31,clear
9/23/2024,0:00,29,3.8,0,147,Fall,50.7,78,rain
9/23/2024,6:00,23,2.9,0,129,Fall,64.7,56,clouds
9/23/2024,12:00,24,1.4,1,98,Fall,52.7,54,clear
9/23/2024,18:00,31,3.1,0,114,Fall,67.3,73,rain
9/24/2024,0:00,33,3.9,0,128,Fall,34.7,75,snow
9/24/2024,6:00,14,2.8,1,111,Fall,60,72,rain
9/24/2024,12:00,30,2.4,0,122,Fall,55.3,53,clouds
9/24/2024,18:00,8,0.2,0,113,Fall,61.4,51,clear
9/25/2024,0:00,12,1.4,0,72,Fall,67.5,37,clear
9/25/2024,6:00,30,2.7,0,138,Fall,50.1,55,clouds
9/25/2024,12:00,11,1.8,0,98,Fall,51.7,54,clouds
9/25/2024,18:00,15,1,1,117,Fall,62.7,40,clear
9/26/2024,0:00,23,2,0,114,Fall,51.5,53,clouds
9/26/2024,6:00,17,1.4,0,90,Fall,62.6,48,clear
9/26/2024,12:00,24,2.7,0,107,Fall,59.9,56,clouds
9/26/2024,18:00,11,0.5,0,88,Fall,61.7,43,clear
9/27/2024,0:00,17,1.9,0,134,Fall,64.9,35,clear
9/27/2024,6:00,15,1.2,0,102,Fall,60,40,clear
9/27/2024,12:00,17,1,0,94,Fall,65.8,40,clouds
9/27/2024,18:00,16,2.6,0,119,Fall,42.2,72,rain
9/28/2024,0:00,35,3.1,0,148,Fall,44.4,60,rain
9/28/2024,6:00,18,1.4,0,130,Fall,66.4,34,clear
9/28/2024,12:00,6,0.4,1,108,Fall,69.3,34,clear
9/28/2024,18:00,24,3.4,1,127,Fall,31.3,87,snow
9/29/2024,0:00,17,2.4,0,115,Fall,55.3,59,clouds
9/29/2024,6:00,21,1.6,0,121,Fall,50,44,clouds
9/29/2024,12:00,19,2,0,123,Fall,66.6,55,clouds
9/29/2024,18:00,15,1.1,0,125,Fall,65.3,57,clouds
9/30/2024,0:00,23,2.4,0,127,Fall,61.1,84,rain
9/30/2024,6:00,20,1.1,0,102,Fall,56.5,30,clear
9/30/2024,12:00,14,2.7,0,113,Fall,60.1,77,rain
9/30/2024,18:00,19,1.7,0,124,Fall,67,57,clouds
10/1/2024,0:00,15,0.4,0,97,Fall,58.7,49,clear
10/1/2024,6:00,14,0.8,0,125,Fall,61.6,45,clear
10/1/2024,12:00,32,3.8,0,113,Fall,34.2,92,snow
10/1/2024,18:00,28,3,0,152,Fall,64.4,55,clouds
10/2/2024,0:00,17,1.8,1,138,Fall,52.8,55,clouds
10/2/2024,6:00,20,2.3,0,118,Fall,66.2,61,rain
10/2/2024,12:00,29,2.8,0,121,Fall,59.9,52,clouds
10/2/2024,18:00,13,1,0,120,Fall,54,36,clear
10/3/2024,0:00,27,3.4,0,153,Fall,59.6,74,rain
10/3/2024,6:00,4,0.7,0,98,Fall,51.5,52,clear
10/3/2024,12:00,29,3.3,0,127,Fall,61.3,72,rain
10/3/2024,18:00,23,2.9,0,131,Fall,52.8,89,rain
10/4/2024,0:00,17,2.6,0,146,Fall,57.6,52,clouds
10/4/2024,6:00,35,4.6,1,142,Fall,30.9,86,snow
10/4/2024,12:00,23,1.5,0,119,Fall,59.9,59,clouds
10/4/2024,18:00,43,3.6,0,152,Fall,22.3,93,snow
10/5/2024,0:00,16,0.2,1,129,Fall,63.1,33,clear
10/5/2024,6:00,32,4.6,0,153,Fall,36.7,72,snow
10/5/2024,12:00,13,1.3,1,107,Fall,64.3,47,clear
10/5/2024,18:00,9,1.4,0,136,Fall,67.1,35,clear
10/6/2024,0:00,17,1.3,0,102,Fall,63.8,40,clear
10/6/2024,6:00,27,2.9,1,109,Fall,53.5,69,rain
10/6/2024,12:00,30,2.9,0,148,Fall,56.7,69,rain
10/6/2024,18:00,13,1.4,0,93,Fall,56.4,37,clear
10/7/2024,0:00,16,1.8,0,132,Fall,57,49,clouds
10/7/2024,6:00,13,0.5,1,89,Fall,67.7,36,clear
10/7/2024,12:00,14,0.6,0,141,Fall,54.2,38,clear
10/7/2024,18:00,29,3.1,0,116,Fall,55,79,rain
10/8/2024,0:00,15,0.7,0,98,Fall,74.3,33,clear
10/8/2024,6:00,23,2.7,0,115,Fall,51.6,78,rain
10/8/2024,12:00,12,0.4,0,94,Fall,60.6,32,clear
10/8/2024,18:00,16,0.9,0,113,Fall,51.6,54,clear
10/9/2024,0:00,33,3.6,1,152,Fall,28.1,82,snow
10/9/2024,6:00,7,0.1,0,119,Fall,69.4,45,clear
10/9/2024,12:00,21,2.4,1,103,Fall,57.8,63,clouds
10/9/2024,18:00,10,0.4,0,127,Fall,65.2,37,clear
10/10/2024,0:00,20,2.7,0,132,Fall,61.6,63,clouds
10/10/2024,6:00,15,0.7,0,92,Fall,61.6,46,clear
10/10/2024,12:00,22,2.4,0,119,Fall,58.7,56,clouds
10/10/2024,18:00,21,1.5,0,103,Fall,53.7,54,clear
10/11/2024,0:00,30,3.5,0,132,Fall,45.6,79,rain
10/11/2024,6:00,21,4.5,0,88,Fall,31.9,76,snow
10/11/2024,12:00,15,0.9,0,104,Fall,58.8,63,clouds
10/11/2024,18:00,13,0.5,0,112,Fall,55.2,45,clear
10/12/2024,0:00,10,0.8,0,108,Fall,68.4,35,clear
10/12/2024,6:00,9,0.5,0,146,Fall,64.6,39,clear
10/12/2024,12:00,27,3.3,0,130,Fall,60.2,61,clouds
10/12/2024,18:00,29,3.8,0,126,Fall,68.4,77,rain
10/13/2024,0:00,26,3.3,1,103,Fall,51.1,84,rain
10/13/2024,6:00,31,2.5,0,124,Fall,58.6,47,clouds
10/13/2024,12:00,28,3.7,0,105,Fall,39,72,snow
10/13/2024,18:00,29,2.7,0,156,Fall,59.5,60,clouds
10/14/2024,0:00,10,1,0,111,Fall,58.2,47,clear
10/14/2024,6:00,16,1.5,0,129,Fall,63.9,64,clouds
10/14/2024,12:00,21,3,0,112,Fall,54.6,80,rain
10/14/2024,18:00,35,3.9,0,111,Fall,33.7,73,snow
10/15/2024,0:00,32,1.8,0,118,Fall,63.6,42,clouds
10/15/2024,6:00,24,3.3,0,114,Fall,48.2,61,rain
10/15/2024,12:00,24,3.2,1,129,Fall,54.7,88,rain
10/15/2024,18:00,18,1.2,0,101,Fall,51.7,33,clear
10/16/2024,0:00,24,1.5,0,125,Fall,57.2,69,clouds
10/16/2024,6:00,16,1.2,0,89,Fall,69.5,46,clear
10/16/2024,12:00,16,2.1,1,127,Fall,50.6,40,clouds
10/16/2024,18:00,22,3,0,117,Fall,43.8,61,rain
10/17/2024,0:00,28,4.4,1,132,Fall,42.5,86,snow
10/17/2024,6:00,14,0.6,0,142,Fall,70,34,clear
10/17/2024,12:00,25,2.5,0,132,Fall,58.4,65,rain
10/17/2024,18:00,26,1.9,0,139,Fall,63,49,clear
10/18/2024,0:00,14,1.7,0,118,Fall,63,57,clouds
10/18/2024,6:00,18,0.4,0,114,Fall,49.2,42,clear
10/18/2024,12:00,34,3.2,0,125,Fall,55.1,88,rain
10/18/2024,18:00,7,0.5,0,94,Fall,69,41,clear
10/19/2024,0:00,21,1.1,0,122,Fall,63.8,48,clear
10/19/2024,6:00,4,0.1,0,97,Fall,70.5,41,clear
10/19/2024,12:00,18,2,1,121,Fall,56.2,50,clouds
10/19/2024,18:00,21,2.3,0,154,Fall,84.8,31,clear
10/20/2024,0:00,22,2.1,1,123,Fall,55.7,51,clouds
10/20/2024,6:00,18,2,0,123,Fall,61,44,clouds
10/20/2024,12:00,16,0.7,0,107,Fall,60.1,33,clear
10/20/2024,18:00,20,3,0,123,Fall,44.1,74,rain
10/21/2024,0:00,17,2.3,0,102,Fall,56.7,52,clouds
10/21/2024,6:00,18,1.8,1,133,Fall,53.1,41,clouds
10/21/2024,12:00,19,2.1,0,133,Fall,58.5,58,clouds
10/21/2024,18:00,22,1.8,0,163,Fall,67.3,37,clear
10/22/2024,0:00,23,2.7,1,109,Fall,55,79,rain
10/22/2024,6:00,10,1.1,0,101,Fall,66.1,51,clear
10/22/2024,12:00,10,0.1,0,112,Fall,63.1,39,clear
10/22/2024,18:00,21,2.6,1,113,Fall,58.8,72,rain
10/23/2024,0:00,30,3.2,1,157,Fall,52,89,rain
10/23/2024,6:00,19,1.6,0,84,Fall,66.7,51,clear
10/23/2024,12:00,19,1.6,0,94,Fall,65.5,49,clear
10/23/2024,18:00,30,3,0,118,Fall,50.8,76,rain
10/24/2024,0:00,12,1.2,0,122,Fall,61.7,31,clear
10/24/2024,6:00,32,4.3,1,146,Fall,21.7,92,snow
10/24/2024,12:00,22,3,1,138,Fall,53.5,72,rain
10/24/2024,18:00,32,2.4,0,125,Fall,52.1,67,clouds
10/25/2024,0:00,13,0.8,0,93,Fall,43.1,51,clear
10/25/2024,6:00,32,2.8,0,122,Fall,54.8,69,rain
10/25/2024,12:00,16,1.3,0,95,Fall,66.8,32,clear
10/25/2024,18:00,18,1.4,1,118,Fall,57.8,40,clear
10/26/2024,0:00,17,1.3,0,144,Fall,64,63,clouds
10/26/2024,6:00,33,4.8,0,146,Fall,40.4,88,snow
10/26/2024,12:00,22,1.9,1,89,Fall,59.9,40,clear
10/26/2024,18:00,17,0.9,0,122,Fall,62.4,32,clear
10/27/2024,0:00,15,1.9,0,124,Fall,58.5,62,clouds
10/27/2024,6:00,20,3.2,0,126,Fall,54.4,63,rain
10/27/2024,12:00,13,3.1,0,98,Fall,65.1,61,rain
10/27/2024,18:00,14,1.5,0,120,Fall,59.7,67,clouds
10/28/2024,0:00,26,2.9,0,124,Fall,48.5,56,clouds
10/28/2024,6:00,25,2.8,0,133,Fall,55.9,87,rain
10/28/2024,12:00,25,3,1,138,Fall,37.5,73,snow
10/28/2024,18:00,8,0.4,0,89,Fall,47.6,32,clear
10/29/2024,0:00,18,0.7,0,134,Fall,62,34,clear
10/29/2024,6:00,28,4.7,0,162,Fall,39.8,79,snow
10/29/2024,12:00,29,2.4,0,114,Fall,50.2,81,rain
10/29/2024,18:00,10,1.2,0,96,Fall,56.1,37,clear
10/30/2024,0:00,24,1.5,1,128,Fall,51.4,53,clear
10/30/2024,6:00,31,3.4,1,115,Fall,25.4,87,snow
10/30/2024,12:00,11,0.5,0,128,Fall,53.7,40,clear
10/30/2024,18:00,30,4.1,1,137,Fall,32.5,88,snow
10/31/2024,0:00,4,0.1,0,102,Fall,65.9,31,clear
10/31/2024,6:00,19,0.9,1,131,Fall,67.8,30,clear
10/31/2024,12:00,38,3.5,0,148,Fall,43.1,80,rain
10/31/2024,18:00,27,3.7,0,125,Fall,58.3,69,rain
11/1/2024,0:00,20,2.5,0,122,Fall,47.8,68,rain
11/1/2024,6:00,32,3,0,134,Fall,55.5,64,rain
11/1/2024,12:00,33,3.5,0,133,Fall,40.7,78,snow
11/1/2024,18:00,19,1.3,0,103,Fall,66.1,43,clear
11/2/2024,0:00,15,0.8,0,74,Fall,79.3,47,clear
11/2/2024,6:00,29,4.3,0,106,Fall,36.5,87,snow
11/2/2024,12:00,21,1.8,1,138,Fall,60.3,79,rain
11/2/2024,18:00,16,1.1,0,150,Fall,71.4,35,clear
11/3/2024,0:00,19,2.4,1,121,Fall,50.6,78,rain
11/3/2024,6:00,16,0.6,0,109,Fall,71,31,clear
11/3/2024,12:00,9,0.9,0,102,Fall,57,50,clouds
11/3/2024,18:00,20,2.9,0,93,Fall,54.9,65,rain
11/4/2024,0:00,11,0.8,0,124,Fall,62.1,30,clear
11/4/2024,6:00,10,0.1,1,115,Fall,64.7,43,clear
11/4/2024,12:00,21,2.5,0,98,Fall,51.3,59,clouds
11/4/2024,18:00,18,1,1,122,Fall,64,32,clear
11/5/2024,0:00,19,3.2,0,114,Fall,48.5,85,rain
11/5/2024,6:00,23,3.8,0,113,Fall,31.6,82,snow
11/5/2024,12:00,20,2.8,0,117,Fall,50.5,75,rain
11/5/2024,18:00,17,1.7,1,105,Fall,54.6,65,clouds
11/6/2024,0:00,9,0.9,0,136,Fall,49.9,35,clear
11/6/2024,6:00,14,2.7,0,103,Fall,53.4,83,rain
11/6/2024,12:00,16,0.6,0,105,Fall,45,52,clear
11/6/2024,18:00,10,0.9,1,102,Fall,51.9,33,clear
11/7/2024,0:00,15,0.6,0,124,Fall,65.9,53,clear
11/7/2024,6:00,24,3,0,123,Fall,36.3,76,snow
11/7/2024,12:00,23,1.7,0,138,Fall,60.6,53,clouds
11/7/2024,18:00,23,1.1,0,130,Fall,59.3,34,clear
11/8/2024,0:00,10,0.8,0,79,Fall,62.7,52,clear
11/8/2024,6:00,42,4.5,0,99,Fall,26.5,89,snow
11/8/2024,12:00,19,0.9,1,115,Fall,65.7,47,clear
11/8/2024,18:00,14,0.2,0,115,Fall,46.7,49,clear
11/9/2024,0:00,20,1.1,0,88,Fall,65.4,37,clear
11/9/2024,6:00,25,3.2,0,121,Fall,20.9,80,snow
11/9/2024,12:00,8,0.6,0,91,Fall,66.6,31,clear
11/9/2024,18:00,21,4.1,0,118,Fall,20.7,72,snow
11/10/2024,0:00,21,2.8,0,114,Fall,43.3,64,rain
11/10/2024,6:00,28,2.5,0,127,Fall,49.8,66,rain
11/10/2024,12:00,27,2.2,0,122,Fall,48.7,87,rain
11/10/2024,18:00,9,0.4,0,124,Fall,66.8,30,clear
11/11/2024,0:00,23,2.7,0,137,Fall,65.8,76,rain
11/11/2024,6:00,17,1.2,0,130,Fall,55.3,53,clear
11/11/2024,12:00,11,0.2,0,97,Fall,66.8,36,clear
11/11/2024,18:00,24,3,0,125,Fall,57.4,75,rain
11/12/2024,0:00,26,2.6,0,105,Fall,55.2,78,rain
11/12/2024,6:00,37,4.3,0,153,Fall,40.5,82,snow
11/12/2024,12:00,13,1.1,1,96,Fall,58.4,49,clouds
11/12/2024,18:00,19,3.3,0,142,Fall,62.9,86,rain
11/13/2024,0:00,15,1.2,0,72,Fall,57.1,42,clear
11/13/2024,6:00,12,1.5,0,109,Fall,51.6,60,clouds
11/13/2024,12:00,26,3.2,1,114,Fall,58.3,73,rain
11/13/2024,18:00,16,0.3,0,121,Fall,81.9,53,clear
11/14/2024,0:00,14,1.5,0,122,Fall,46.5,42,clouds
11/14/2024,6:00,18,2.5,1,134,Fall,68.3,64,clouds
11/14/2024,12:00,31,4.2,0,121,Fall,33.6,87,snow
11/14/2024,18:00,20,1.2,0,128,Fall,67.4,53,clouds
11/15/2024,0:00,39,3.9,1,138,Fall,31.5,85,snow
11/15/2024,6:00,32,4.2,0,125,Fall,36,86,snow
11/15/2024,12:00,20,2,0,127,Fall,45.8,40,clear
11/15/2024,18:00,24,2.9,0,127,Fall,69.6,74,rain
11/16/2024,0:00,10,0.7,0,119,Fall,42.2,32,clear
11/16/2024,6:00,14,1.8,0,112,Fall,62,60,clouds
11/16/2024,12:00,21,2.7,0,97,Fall,63.7,67,clouds
11/16/2024,18:00,12,0.4,0,121,Fall,57.9,41,clear
11/17/2024,0:00,23,2,0,123,Fall,53.4,60,clouds
11/17/2024,6:00,11,0.4,0,125,Fall,70.6,38,clear
11/17/2024,12:00,29,3.6,1,130,Fall,53.9,66,rain
11/17/2024,18:00,20,3.8,0,153,Fall,33.7,82,snow
11/18/2024,0:00,16,1.9,0,119,Fall,51.4,41,clouds
11/18/2024,6:00,28,2.5,1,133,Fall,51.9,47,clouds
11/18/2024,12:00,12,0.6,0,90,Fall,61.7,34,clear
11/18/2024,18:00,20,2.6,0,139,Fall,53.7,61,rain
11/19/2024,0:00,30,3.6,0,162,Fall,35.3,76,snow
11/19/2024,6:00,32,3.6,1,116,Fall,65.3,86,rain
11/19/2024,12:00,22,2.7,0,113,Fall,60.9,51,clouds
11/19/2024,18:00,14,1.6,0,117,Fall,60.7,33,clear
11/20/2024,0:00,7,0.2,0,102,Fall,60.9,47,clear
11/20/2024,6:00,28,2.1,0,123,Fall,56.2,31,clear
11/20/2024,12:00,32,2.6,0,105,Fall,70.9,46,clouds
11/20/2024,18:00,25,1.6,0,114,Fall,60,42,clear
11/21/2024,0:00,10,0.7,0,107,Fall,75.5,38,clear
11/21/2024,6:00,16,1,0,126,Fall,62.2,54,clear
11/21/2024,12:00,21,1.2,0,130,Fall,59.8,69,clouds
11/21/2024,18:00,19,2.7,0,90,Fall,44.6,56,clouds
11/22/2024,0:00,14,1.1,0,131,Fall,53.4,55,clouds
11/22/2024,6:00,17,1.8,0,129,Fall,63.7,67,clouds
11/22/2024,12:00,17,1.4,1,92,Fall,58.3,42,clouds
11/22/2024,18:00,16,2,0,116,Fall,43.3,63,clouds
11/23/2024,0:00,16,1.1,0,140,Fall,48.2,39,clear
11/23/2024,6:00,9,0.3,0,104,Fall,72.3,40,clear
11/23/2024,12:00,15,2.3,1,82,Fall,63.5,50,clear
11/23/2024,18:00,24,2.1,0,140,Fall,59.8,53,clouds
11/24/2024,0:00,7,0.9,0,110,Fall,65.7,44,clear
11/24/2024,6:00,12,1.1,0,99,Fall,64.3,39,clear
11/24/2024,12:00,16,1.3,1,122,Fall,56.2,53,clear
11/24/2024,18:00,18,1.2,0,128,Fall,50.1,56,clouds
11/25/2024,0:00,18,1.7,0,93,Fall,52.1,49,clear
11/25/2024,6:00,16,2.5,0,109,Fall,62.4,79,rain
11/25/2024,12:00,25,2.4,1,146,Fall,67.4,84,rain
11/25/2024,18:00,26,1.4,1,126,Fall,59.6,66,clouds
11/26/2024,0:00,16,1,0,109,Fall,70.8,36,clear
11/26/2024,6:00,8,0.6,0,119,Fall,67.8,34,clear
11/26/2024,12:00,16,1.5,0,117,Fall,68,44,clouds
11/26/2024,18:00,29,2.5,0,120,Fall,47.9,55,clouds
11/27/2024,0:00,17,1.5,1,129,Fall,52.7,32,clear
11/27/2024,6:00,20,2.6,0,124,Fall,50.2,85,rain
11/27/2024,12:00,25,2.8,1,150,Fall,50.6,73,rain
11/27/2024,18:00,23,2.3,0,121,Fall,47.3,68,rain
11/28/2024,0:00,17,0.4,0,117,Fall,61.1,41,clear
11/28/2024,6:00,21,2,0,114,Fall,56.2,50,clouds
11/28/2024,12:00,10,1,1,104,Fall,55.1,47,clear
11/28/2024,18:00,16,1.3,0,111,Fall,64.8,34,clear
11/29/2024,0:00,18,1.4,0,104,Fall,50.5,67,clouds
11/29/2024,6:00,21,2.7,0,126,Fall,54.8,41,clouds
11/29/2024,12:00,17,1.9,1,117,Fall,53.9,66,clouds
11/29/2024,18:00,23,1.7,0,114,Fall,62.3,50,clear
11/30/2024,0:00,15,0.8,0,124,Fall,54.8,44,clear
11/30/2024,6:00,45,4.3,0,136,Fall,30.1,86,snow
11/30/2024,12:00,20,2.2,0,125,Fall,52.9,67,clouds
11/30/2024,18:00,9,0.4,0,101,Fall,60.6,49,clear
12/1/2024,0:00,22,1.4,0,95,Winter,40.6,34,clear
12/1/2024,6:00,21,3.6,1,106,Winter,22.3,85,rain
12/1/2024,12:00,15,1.4,0,119,Winter,34.6,43,clouds
12/1/2024,18:00,16,1.3,0,101,Winter,38,54,clouds
12/2/2024,0:00,17,1.8,0,118,Winter,31.7,54,clouds
12/2/2024,6:00,12,1.2,0,117,Winter,47,53,clear
12/2/2024,12:00,32,3.2,1,119,Winter,36.8,86,rain
12/2/2024,18:00,16,1.5,0,108,Winter,38.9,41,clouds
12/3/2024,0:00,7,0.2,0,87,Winter,33.7,50,clear
12/3/2024,6:00,23,4.2,0,120,Winter,35.8,75,snow
12/3/2024,12:00,26,1.6,0,147,Winter,41.1,36,clear
12/3/2024,18:00,23,0.6,0,135,Winter,38.1,44,clear
12/4/2024,0:00,12,0.7,0,101,Winter,28,42,clear
12/4/2024,6:00,19,1.7,0,114,Winter,30.1,63,clouds
12/4/2024,12:00,19,1.5,0,136,Winter,34.9,54,clouds
12/4/2024,18:00,13,1.1,0,99,Winter,24.1,42,clear
12/5/2024,0:00,31,3.5,0,103,Winter,38.5,90,snow
12/5/2024,6:00,14,0.7,0,82,Winter,29,46,clear
12/5/2024,12:00,11,0.1,0,125,Winter,46.2,51,clear
12/5/2024,18:00,10,1.7,0,111,Winter,33.3,68,clouds
12/6/2024,0:00,26,3,0,150,Winter,38.1,70,rain
12/6/2024,6:00,19,2.5,0,120,Winter,29.3,60,clouds
12/6/2024,12:00,19,1.1,0,105,Winter,31.8,46,clear
12/6/2024,18:00,12,0.1,0,92,Winter,38.4,46,clear
12/7/2024,0:00,27,3.8,0,122,Winter,32.5,93,snow
12/7/2024,6:00,12,2,1,111,Winter,20.9,89,rain
12/7/2024,12:00,14,0.1,0,109,Winter,43.6,45,clear
12/7/2024,18:00,23,4.1,0,125,Winter,26.5,72,snow
12/8/2024,0:00,22,1.5,0,111,Winter,38.4,40,clear
12/8/2024,6:00,8,0.5,0,115,Winter,32.7,43,clear
12/8/2024,12:00,33,3.8,0,124,Winter,30,76,snow
12/8/2024,18:00,11,0.7,0,93,Winter,30.9,32,clear
12/9/2024,0:00,20,1.9,0,147,Winter,37.6,46,clouds
12/9/2024,6:00,17,1.5,0,111,Winter,26.4,60,clouds
12/9/2024,12:00,29,4.2,0,149,Winter,33.4,84,snow
12/9/2024,18:00,31,2.6,0,108,Winter,23.5,82,rain
12/10/2024,0:00,42,4.5,0,177,Winter,31.7,76,snow
12/10/2024,6:00,33,3.7,0,135,Winter,34.6,70,snow
12/10/2024,12:00,17,1.4,1,129,Winter,31.7,32,clear
12/10/2024,18:00,10,1.4,0,105,Winter,24,33,clear
12/11/2024,0:00,29,3.8,0,133,Winter,26.7,70,snow
12/11/2024,6:00,22,2.7,0,129,Winter,29.6,66,rain
12/11/2024,12:00,25,3.9,0,135,Winter,39.8,76,snow
12/11/2024,18:00,15,0.8,0,108,Winter,37.7,36,clear
12/12/2024,0:00,9,1.3,0,102,Winter,43.6,47,clear
12/12/2024,6:00,15,3,1,105,Winter,31.8,79,snow
12/12/2024,12:00,29,3.7,1,134,Winter,25.7,73,rain
12/12/2024,18:00,30,4.2,1,139,Winter,25.2,85,snow
12/13/2024,0:00,23,1.1,0,118,Winter,43.1,31,clear
12/13/2024,6:00,16,0.9,0,117,Winter,32.8,37,clear
12/13/2024,12:00,37,3.6,0,160,Winter,26.1,77,snow
12/13/2024,18:00,26,2.5,0,102,Winter,32.1,83,rain
12/14/2024,0:00,40,4.6,1,143,Winter,34.1,85,snow
12/14/2024,6:00,29,4.9,0,135,Winter,37.8,90,snow
12/14/2024,12:00,27,3.6,0,135,Winter,23.2,92,snow
12/14/2024,18:00,17,1.4,0,141,Winter,23.4,48,clear
12/15/2024,0:00,20,2.4,0,106,Winter,24.8,66,clouds
12/15/2024,6:00,14,0.9,0,115,Winter,35.5,42,clear
12/15/2024,12:00,19,1.5,0,108,Winter,33.2,44,clouds
12/15/2024,18:00,15,1,0,159,Winter,38.7,45,clear
12/16/2024,0:00,18,2.2,0,118,Winter,21.8,55,clouds
12/16/2024,6:00,33,2.9,0,126,Winter,29.3,81,rain
12/16/2024,12:00,32,4.9,0,125,Winter,31.8,78,snow
12/16/2024,18:00,16,0.8,0,119,Winter,27.3,49,clouds
12/17/2024,0:00,15,0.6,0,151,Winter,34.6,49,clear
12/17/2024,6:00,14,0.2,0,104,Winter,27,51,clear
12/17/2024,12:00,21,0.9,0,113,Winter,30.3,37,clear
12/17/2024,18:00,33,3.8,0,142,Winter,32.4,94,snow
12/18/2024,0:00,29,4,0,154,Winter,20.3,85,rain
12/18/2024,6:00,30,4.1,0,160,Winter,33.5,86,snow
12/18/2024,12:00,26,2.5,0,160,Winter,29.1,66,clouds
12/18/2024,18:00,15,2.5,0,88,Winter,30.8,55,clouds
12/19/2024,0:00,38,5.5,0,136,Winter,33.4,76,snow
12/19/2024,6:00,12,1.4,0,108,Winter,37.2,37,clear
12/19/2024,12:00,40,4.2,0,151,Winter,24.1,75,snow
12/19/2024,18:00,16,1.3,0,103,Winter,24.9,41,clouds
12/20/2024,0:00,16,1.1,0,135,Winter,23.6,41,clear
12/20/2024,6:00,24,4,0,102,Winter,34.7,75,snow
12/20/2024,12:00,22,4.2,0,108,Winter,34.9,77,snow
12/20/2024,18:00,37,3.8,0,123,Winter,28.2,72,snow
12/21/2024,0:00,36,4.4,0,124,Winter,38.7,92,snow
12/21/2024,6:00,15,2.8,0,109,Winter,35.6,66,clouds
12/21/2024,12:00,27,3.8,0,123,Winter,30.4,83,snow
12/21/2024,18:00,21,2.4,0,125,Winter,26.3,73,rain
12/22/2024,0:00,32,4.4,0,118,Winter,30.9,75,snow
12/22/2024,6:00,38,4.5,0,105,Winter,37.6,86,snow
12/22/2024,12:00,24,2.5,0,129,Winter,38.1,70,rain
12/22/2024,18:00,46,3.9,1,163,Winter,22.1,83,rain
12/23/2024,0:00,26,3,0,121,Winter,28.8,80,rain
12/23/2024,6:00,13,1.7,1,99,Winter,35.7,53,clear
12/23/2024,12:00,12,1.9,0,112,Winter,29.3,62,clouds
12/23/2024,18:00,17,2.2,0,111,Winter,30.2,45,clouds
12/24/2024,0:00,11,0.4,0,83,Winter,45,31,clear
12/24/2024,6:00,22,3.3,0,132,Winter,32,74,rain
12/24/2024,12:00,15,2.6,0,122,Winter,24.4,68,clouds
12/24/2024,18:00,31,2.8,0,141,Winter,28.4,43,clouds
12/25/2024,0:00,29,2.4,0,117,Winter,20,49,clouds
12/25/2024,6:00,27,3.6,0,120,Winter,28.3,60,clouds
12/25/2024,12:00,9,0.3,0,99,Winter,39,47,clear
12/25/2024,18:00,26,1.9,0,123,Winter,28.9,41,clouds
12/26/2024,0:00,41,3.6,0,140,Winter,38.1,74,snow
12/26/2024,6:00,15,1,0,126,Winter,28.8,34,clear
12/26/2024,12:00,17,1.4,0,106,Winter,36,49,clear
12/26/2024,18:00,15,2.8,0,114,Winter,24.5,68,rain
12/27/2024,0:00,13,1.7,0,95,Winter,39.4,49,clear
12/27/2024,6:00,16,1.4,0,111,Winter,33.5,47,clouds
12/27/2024,12:00,26,1.5,0,103,Winter,32.9,56,clouds
12/27/2024,18:00,18,1.3,0,114,Winter,32.8,42,clear
12/28/2024,0:00,26,2.4,0,111,Winter,37.9,84,rain
12/28/2024,6:00,28,4.2,0,144,Winter,32.3,70,snow
12/28/2024,12:00,30,3.3,0,148,Winter,32.2,81,rain
12/28/2024,18:00,17,2.5,0,93,Winter,31.7,45,clouds
12/29/2024,0:00,10,1.3,0,102,Winter,29.9,39,clear
12/29/2024,6:00,22,1,0,151,Winter,41.2,31,clear
12/29/2024,12:00,17,2.4,1,123,Winter,27.1,41,clouds
12/29/2024,18:00,19,1.4,0,120,Winter,39.5,46,clear
12/30/2024,0:00,20,1.9,0,125,Winter,26.2,48,clouds
12/30/2024,6:00,38,4.7,1,162,Winter,35,87,snow
12/30/2024,12:00,12,0.7,0,111,Winter,32.1,33,clear
12/30/2024,18:00,26,2.7,0,120,Winter,24.8,71,rain
